,,,,Scor,Scor,Scor,Scor,Scor,Scor,,Goal,Goal,Goal,Goal,Assi,Assi,Assi,,,Ice,Ice,,,,,
Player,Age,Pos,Tm,GP,G,A,PTS,+/-,PIM,PS,EV,PP,SH,GW,EV,PP,SH,S,S%,TOI,ATOI,BLK,HIT,FOW,FOL,FO%
Jamie Benn\bennja01,25,LW,DAL,82,35,52,87,1,64,10.7,23,10,2,6,37,13,2,253,13.8,1636,19:57,50,120,298,278,51.7
John Tavares\tavarjo01,24,C,NYI,82,38,48,86,5,46,11.2,25,13,0,8,29,18,1,278,13.7,1695,20:40,37,48,753,689,52.2
Sidney Crosby\crosbsi01,27,C,PIT,77,28,56,84,5,47,10.3,18,10,0,3,35,21,0,237,11.8,1538,19:58,29,66,797,789,50.3
Alex Ovechkin\ovechal01,29,LW,WSH,81,53,28,81,10,58,12.6,28,25,0,11,19,9,0,395,13.4,1646,20:20,32,259,2,3,40.0
Jakub Voracek\voracja01,25,RW,PHI,82,22,59,81,1,78,8.8,11,11,0,3,37,22,0,221,10.0,1525,18:36,28,55,6,3,66.7
Nicklas Backstrom\backsni02,27,C,WSH,82,18,60,78,5,40,8.1,15,3,0,3,30,30,0,153,11.8,1683,20:32,52,91,862,747,53.6
Tyler Seguin\seguity01,23,C,DAL,71,37,40,77,-1,20,10.2,24,13,0,5,24,16,0,280,13.2,1388,19:33,26,63,275,236,53.8
Jiri Hudler\hudleji01,31,C,CGY,78,31,45,76,17,14,10.2,25,6,0,5,35,10,0,158,19.6,1405,18:01,14,27,21,25,45.7
Daniel Sedin\sedinda01,34,LW,VAN,82,20,56,76,5,18,8.5,16,4,0,5,35,21,0,226,8.8,1505,18:21,16,21,2,3,40.0
Vladimir Tarasenko\tarasvl01,23,RW,STL,77,37,36,73,27,31,11.2,29,8,0,6,26,10,0,264,14.0,1357,17:37,18,32,0,3,0.0
Nick Foligno\foligni01,27,LW,CBJ,79,31,42,73,16,50,9.7,20,11,0,3,27,15,0,182,17.0,1488,18:50,52,193,125,138,47.5
Claude Giroux\giroucl01,27,C,PHI,81,25,48,73,-3,36,7.9,11,14,0,4,25,23,0,279,9.0,1666,20:34,28,110,1063,807,56.8
Henrik Sedin\sedinhe01,34,C,VAN,82,18,55,73,11,22,8.1,13,5,0,0,35,20,0,101,17.8,1526,18:37,24,23,708,848,45.5
Steven Stamkos\stamkst01,24,C,TBL,82,43,29,72,2,49,10.1,30,13,0,6,17,12,0,268,16.0,1588,19:22,33,87,438,466,48.5
Tyler Johnson\johnsty01,24,C,TBL,77,29,43,72,33,24,10.3,21,8,0,6,34,9,0,203,14.3,1327,17:14,35,63,508,569,47.2
Ryan Johansen\johanry01,22,C,CBJ,82,26,45,71,-6,40,7.8,17,7,2,0,26,19,0,202,12.9,1599,19:30,33,84,850,787,51.9
Joe Pavelski\paveljo01,30,C,SJS,82,37,33,70,12,29,9.7,18,19,0,5,21,12,0,261,14.2,1650,20:08,82,92,604,508,54.3
Evgeni Malkin\malkiev01,28,C,PIT,69,28,42,70,-2,60,8.8,19,9,0,4,25,17,0,212,13.2,1309,18:58,18,24,322,427,43.0
Ryan Getzlaf\getzlry01,29,C,ANA,77,25,45,70,15,62,8.6,22,3,0,6,33,10,2,191,13.1,1548,20:06,95,100,632,612,50.8
Rick Nash\nashri01,30,LW,NYR,79,42,27,69,29,36,11.4,32,6,4,8,20,6,1,304,13.8,1379,17:27,33,45,2,2,50.0
Max Pacioretty\pacioma01,26,LW,MTL,80,37,30,67,38,32,10.9,27,7,3,10,24,4,2,302,12.3,1552,19:24,38,106,2,7,22.2
Logan Couture\coutulo01,25,C,SJS,82,27,40,67,-6,12,7.6,19,6,2,4,22,18,0,263,10.3,1564,19:04,64,82,451,511,46.9
Jonathan Toews\toewsjo01,26,C,CHI,81,28,38,66,30,36,9.4,20,6,2,7,26,11,1,192,14.6,1585,19:34,16,56,947,728,56.5
Erik Karlsson\karlser01,24,D,OTT,82,21,45,66,7,42,11.9,15,6,0,3,21,24,0,292,7.2,2235,27:15,89,93,0,0,
Henrik Zetterberg\zettehe01,34,LW,DET,77,17,49,66,-6,32,6.7,13,4,0,3,25,24,0,227,7.5,1472,19:07,26,55,541,522,50.9
Nikita Kucherov\kucheni01,21,RW,TBL,82,29,36,65,38,37,9.9,27,2,0,2,23,13,0,191,15.2,1226,14:57,28,65,0,2,0.0
Pavel Datsyuk\datsypa01,36,C,DET,63,26,39,65,12,8,8.8,18,8,0,5,23,16,0,165,15.8,1200,19:03,28,51,601,517,53.8
Joe Thornton\thornjo01,35,C,SJS,78,16,49,65,-4,30,6.5,12,4,0,0,31,18,0,131,12.2,1437,18:25,24,39,535,405,56.9
Patrick Kane\kanepa01,26,RW,CHI,61,27,37,64,10,10,8.8,21,6,0,5,21,16,0,186,14.5,1211,19:51,14,22,3,4,42.9
Mark Stone\stonema01,22,RW,OTT,80,26,38,64,21,14,8.7,20,5,1,6,30,8,0,157,16.6,1362,17:01,53,49,7,11,38.9
Johnny Gaudreau\gaudrjo01,21,LW,CGY,80,24,40,64,11,14,7.8,16,8,0,4,27,13,0,167,14.4,1417,17:43,27,14,3,5,37.5
Alex Steen\steenal01,30,LW,STL,74,24,40,64,8,33,7.7,16,8,0,5,24,16,0,223,10.8,1479,19:59,37,32,222,210,51.4
Kyle Turris\turriky01,25,C,OTT,82,24,40,64,5,36,7.4,19,4,1,6,28,12,0,215,11.2,1576,19:13,40,48,737,730,50.2
Anze Kopitar\kopitan01,27,C,LAK,79,16,48,64,-2,10,6.4,10,6,0,4,30,18,0,134,11.9,1532,19:23,45,104,736,674,52.2
Radim Vrbata\vrbatra01,33,RW,VAN,79,31,32,63,6,20,8.6,19,12,0,7,21,11,0,267,11.6,1312,16:37,25,44,5,4,55.6
Jaden Schwartz\schwaja01,22,LW,STL,75,28,35,63,13,16,8.4,20,8,0,4,25,8,2,184,15.2,1368,18:15,46,53,69,77,47.3
Filip Forsberg\forsbfi01,20,C,NSH,82,26,37,63,15,24,8.3,20,6,0,6,24,13,0,237,11.0,1421,17:20,28,108,3,4,42.9
Jordan Eberle\eberljo01,24,RW,EDM,81,24,39,63,-16,24,6.8,18,6,0,2,24,15,0,183,13.1,1542,19:03,36,62,1,5,16.7
Ondrej Palat\palaton01,23,LW,TBL,75,16,47,63,31,24,7.8,12,3,1,5,38,8,1,139,11.5,1307,17:26,50,125,10,25,28.6
Zach Parise\parisza01,30,LW,MIN,74,33,29,62,21,41,9.4,22,11,0,3,24,5,0,259,12.7,1420,19:11,56,86,2,10,16.7
Sean Monahan\monahse01,20,C,CGY,81,31,31,62,8,12,7.9,20,10,1,8,21,9,1,191,16.2,1589,19:37,42,39,902,917,49.6
Jeff Carter\carteje01,30,C,LAK,82,28,34,62,7,28,8.0,17,10,1,5,28,5,1,218,12.8,1474,17:58,32,74,602,577,51.1
Andrew Ladd\laddan01,29,LW,WPG,81,24,38,62,9,72,7.4,15,9,0,6,27,10,1,224,10.7,1626,20:04,38,212,7,13,35.0
Jason Spezza\spezzja01,31,C,DAL,82,17,45,62,-7,28,5.9,13,4,0,1,23,22,0,204,8.3,1412,17:13,26,16,682,580,54.0
Mike Ribeiro\ribeimi01,34,C,NSH,82,15,47,62,11,52,6.5,14,1,0,3,36,11,0,96,15.6,1537,18:45,19,42,582,766,43.2
Blake Wheeler\wheelbl01,28,RW,WPG,79,26,35,61,26,73,8.4,20,2,4,6,24,10,1,244,10.7,1553,19:40,54,128,22,26,45.8
Phil Kessel\kesseph01,27,RW,TOR,82,25,36,61,-34,30,5.9,17,8,0,4,19,17,0,280,8.9,1541,18:48,13,18,2,3,40.0
Marian Hossa\hossama01,36,RW,CHI,82,22,39,61,17,32,7.7,15,6,1,2,28,11,0,247,8.9,1521,18:33,26,62,4,3,57.1
Scott Hartnell\hartnsc01,32,LW,CBJ,77,28,32,60,1,100,7.5,20,8,0,2,24,8,0,204,13.7,1332,17:18,38,160,7,7,50.0
Tomas Plekanec\plekato01,32,C,MTL,82,26,34,60,8,46,7.5,16,7,3,5,24,9,1,248,10.5,1571,19:09,55,47,777,771,50.2
Derick Brassard\brassde01,27,C,NYR,80,19,41,60,9,34,6.9,13,6,0,3,29,12,0,168,11.3,1392,17:24,13,104,669,699,48.9
Brent Burns\burnsbr01,29,D,SJS,82,17,43,60,-9,65,9.5,10,7,0,2,26,17,0,245,6.9,1964,23:57,124,148,0,0,
P.K. Subban\subbapk01,25,D,MTL,82,15,45,60,21,74,12.4,7,8,0,5,32,13,0,170,8.8,2149,26:12,142,97,0,0,
Jarome Iginla\iginlja01,37,RW,COL,82,29,30,59,0,42,7.4,21,8,0,2,25,5,0,189,15.3,1487,18:08,47,99,57,71,44.5
Gabriel Landeskog\landega01,22,LW,COL,82,23,36,59,-2,79,6.6,15,8,0,2,27,9,0,214,10.7,1517,18:30,73,169,16,29,35.6
David Backes\backeda01,30,C,STL,80,26,32,58,7,104,7.2,16,10,0,3,26,6,0,183,14.2,1491,18:38,87,227,615,507,54.8
Patrick Marleau\marlepa01,35,LW,SJS,82,19,38,57,-17,12,5.1,12,7,0,4,21,17,0,233,8.2,1606,19:35,26,83,139,182,43.3
Tomas Tatar\tatarto01,24,C,DET,82,29,27,56,6,28,7.7,20,9,0,7,17,10,0,211,13.7,1330,16:13,18,90,6,4,60.0
James van Riemsdyk\vanrija01,25,LW,TOR,82,27,29,56,-33,43,5.6,17,9,1,4,19,10,0,248,10.9,1565,19:05,29,83,21,33,38.9
Ryan Nugent-Hopkins\nugenry01,21,C,EDM,76,24,32,56,-12,25,6.2,22,2,0,2,19,12,1,189,12.7,1569,20:38,37,92,620,727,46.0
Dennis Wideman\widemde01,31,D,CGY,80,15,41,56,6,34,10.1,9,6,0,2,26,15,0,173,8.7,1971,24:39,184,94,0,0,
Corey Perry\perryco01,29,RW,ANA,67,33,22,55,13,67,8.4,29,4,0,3,19,3,0,193,17.1,1213,18:06,27,64,3,9,25.0
Patrice Bergeron\bergepa01,29,C,BOS,81,23,32,55,2,44,6.4,18,4,1,4,21,10,1,234,9.8,1469,18:08,60,57,1175,764,60.6
Alex Tanguay\tangual01,35,LW,COL,80,22,33,55,-1,40,6.2,19,2,1,4,21,12,0,104,21.2,1453,18:10,39,45,12,16,42.9
Matt Duchene\duchema01,24,C,COL,82,21,34,55,3,16,6.2,19,2,0,4,29,5,0,207,10.1,1523,18:34,74,43,635,582,52.2
T.J. Oshie\oshietj01,28,RW,STL,72,19,36,55,17,51,6.7,16,3,0,4,26,10,0,162,11.7,1356,18:50,39,99,3,10,23.1
Ryan O'Reilly\oreilry01,23,C,COL,82,17,38,55,-5,12,5.2,14,2,1,1,27,10,1,171,9.9,1617,19:43,48,38,713,621,53.4
Derek Stepan\stepade01,24,C,NYR,68,16,39,55,26,22,7.0,11,3,2,3,29,7,3,155,10.3,1236,18:11,27,36,545,680,44.5
Roman Josi\josiro01,24,D,NSH,81,15,40,55,15,26,10.8,12,3,0,4,25,12,3,201,7.5,2144,26:28,209,53,0,1,0.0
John Carlson\carlsjo01,25,D,WSH,82,12,43,55,11,28,10.0,8,3,1,3,30,13,0,193,6.2,1892,23:04,200,74,0,0,
Gustav Nyquist\nyquigu01,25,C,DET,82,27,27,54,-11,26,6.4,13,14,0,4,17,10,0,195,13.8,1366,16:39,31,43,1,8,11.1
Ryan Callahan\callary01,29,RW,TBL,77,24,30,54,9,41,6.6,14,10,0,4,24,6,0,191,12.6,1366,17:44,48,181,12,19,38.7
Eric Staal\staaler01,30,C,CAR,77,23,31,54,-13,41,6.2,16,7,0,4,21,10,0,244,9.4,1451,18:51,27,65,343,326,51.3
Jason Pominville\pominja01,32,RW,MIN,82,18,36,54,9,8,6.1,15,3,0,4,25,11,0,252,7.1,1499,18:17,32,44,39,47,45.3
Bobby Ryan\ryanbo01,27,RW,OTT,78,18,36,54,5,24,6.0,14,4,0,5,26,10,0,221,8.1,1363,17:28,33,110,4,7,36.4
Jonathan Huberdeau\huberjo01,21,LW,FLA,79,15,39,54,10,38,6.0,15,0,0,0,27,12,0,169,8.9,1323,16:45,24,68,2,6,25.0
Kris Letang\letankr01,27,D,PIT,69,11,43,54,12,79,10.1,8,2,1,1,21,22,0,197,5.6,1759,25:29,117,131,0,1,0.0
Tyson Barrie\barrity01,23,D,COL,80,12,41,53,5,26,9.4,10,2,0,0,27,14,0,139,8.6,1709,21:22,90,80,0,0,
Bryan Little\littlbr01,27,C,WPG,70,24,28,52,8,24,6.6,14,9,1,3,19,9,0,148,16.2,1394,19:55,32,55,759,780,49.3
Brandon Saad\saadbr01,22,LW,CHI,82,23,29,52,7,12,6.5,21,2,0,6,21,8,0,203,11.3,1415,17:15,29,53,38,50,43.2
Martin St. Louis\stlouma01,39,RW,NYR,74,21,31,52,12,20,6.5,16,5,0,1,23,8,0,144,14.6,1300,17:34,37,13,51,59,46.4
Thomas Vanek\vanekth01,31,LW,MIN,80,21,31,52,-6,37,5.9,16,5,0,2,19,12,0,171,12.3,1297,16:13,13,32,10,10,50.0
Mark Streit\streima01,37,D,PHI,81,9,43,52,-8,36,7.5,5,4,0,0,17,26,0,144,6.3,1812,22:22,103,63,0,0,
Keith Yandle\yandlke01,28,D,TOT,84,6,46,52,-26,40,6.6,4,2,0,2,19,27,0,232,2.6,1925,22:55,101,53,0,0,
Patric Hornqvist\hornqpa01,28,RW,PIT,64,25,26,51,12,38,7.2,19,6,0,4,17,9,0,220,11.4,1130,17:39,33,87,2,5,28.6
Kyle Okposo\okposky01,26,RW,NYI,60,18,33,51,-8,12,5.3,12,6,0,2,21,12,0,195,9.2,1173,19:33,23,53,80,81,49.7
Wayne Simmonds\simmowa01,26,RW,PHI,75,28,22,50,-5,66,6.3,14,14,0,6,12,10,0,188,14.9,1261,16:48,36,168,4,1,80.0
Ryan Strome\stromry01,21,C,NYI,81,17,33,50,23,47,6.3,15,1,1,2,26,7,0,179,9.5,1247,15:24,21,92,149,170,46.7
Andrei Markov\markoan01,36,D,MTL,81,10,40,50,22,38,10.7,6,4,0,1,18,21,1,135,7.4,2018,24:55,173,53,0,0,
Tyler Bozak\bozakty01,28,C,TOR,82,23,26,49,-34,44,4.2,9,12,2,3,20,6,0,154,14.9,1570,19:09,46,83,944,831,53.2
Tyler Toffoli\toffoty01,22,C,LAK,76,23,26,49,25,37,7.4,15,3,5,3,23,2,1,200,11.5,1109,14:35,11,86,4,5,44.4
Justin Faulk\faulkju01,22,D,CAR,82,15,34,49,-19,30,9.1,6,7,2,4,21,13,0,238,6.3,2003,24:26,114,157,0,0,
Mark Scheifele\scheima01,21,C,WPG,82,15,34,49,11,24,5.2,12,3,0,2,24,10,0,170,8.8,1524,18:35,61,98,506,659,43.4
Mats Zuccarello\zuccama01,27,LW,NYR,78,15,34,49,17,45,5.6,15,0,0,3,28,6,0,154,9.7,1346,17:16,42,117,17,20,45.9
Mike Hoffman\hoffmmi02,25,LW,OTT,79,27,21,48,16,14,7.2,26,1,0,4,19,2,0,199,13.6,1150,14:33,33,40,7,7,50.0
David Desharnais\deshada01,28,C,MTL,82,14,34,48,22,24,5.6,12,2,0,4,25,9,0,90,15.6,1414,17:15,49,43,629,560,52.9
Mikko Koivu\koivumi01,31,C,MIN,80,14,34,48,2,38,4.6,10,4,0,4,23,11,0,179,7.8,1542,19:16,41,40,989,791,55.6
Valtteri Filppula\filppva01,30,C,TBL,82,12,36,48,-14,24,3.2,10,2,0,0,21,15,0,91,13.2,1559,19:01,27,23,573,567,50.3
Mark Giordano\giordma01,31,D,CGY,61,11,37,48,13,37,9.0,8,2,1,2,25,12,0,157,7.0,1536,25:10,128,59,0,0,
Marian Gaborik\gaborma01,32,RW,LAK,69,27,20,47,7,16,6.7,16,11,0,2,13,7,0,174,15.5,1167,16:55,6,39,1,0,100.0
Brendan Gallagher\gallabr01,22,RW,MTL,82,24,23,47,18,31,6.6,21,3,0,6,18,5,0,254,9.4,1360,16:35,49,48,43,52,45.3
Loui Eriksson\erikslo01,29,RW,BOS,81,22,25,47,1,14,5.3,16,6,0,4,19,5,1,169,13.0,1497,18:29,23,29,4,8,33.3
Marcus Johansson\johanma03,24,C,WSH,82,20,27,47,6,10,5.4,17,3,0,1,15,12,0,138,14.5,1351,16:29,18,69,7,9,43.8
Ryan Kesler\keslery01,30,C,ANA,81,20,27,47,-5,75,4.5,14,5,1,4,19,6,2,205,9.8,1581,19:31,69,169,937,718,56.6
Brayden Schenn\schenbr01,23,C,PHI,82,18,29,47,-5,34,4.6,11,7,0,6,17,12,0,156,11.5,1401,17:05,38,199,86,98,46.7
Jaromir Jagr\jagrja01,42,RW,TOT,77,17,30,47,-3,48,5.0,13,4,0,5,23,7,0,169,10.1,1353,17:34,14,30,1,0,100.0
Chris Kreider\kreidch01,23,LW,NYR,80,21,25,46,24,88,6.4,14,7,0,5,24,1,0,180,11.7,1257,15:43,17,162,9,12,42.9
Tyler Ennis\ennisty01,25,C,BUF,78,20,26,46,-19,37,4.4,13,6,1,2,15,11,0,185,10.8,1491,19:07,35,87,67,115,36.8
Alex Galchenyuk\galchal01,20,C,MTL,80,20,26,46,8,39,5.6,17,3,0,1,17,9,0,163,12.3,1314,16:26,44,91,82,85,49.1
Mika Zibanejad\zibanmi01,21,C,OTT,80,20,26,46,0,20,5.1,16,4,0,0,16,10,0,150,13.3,1315,16:26,26,149,615,638,49.1
Paul Stastny\stastpa01,29,C,STL,74,16,30,46,5,40,4.9,9,7,0,7,22,8,0,143,11.2,1304,17:38,30,22,671,479,58.3
Drew Doughty\doughdr01,25,D,LAK,82,7,39,46,3,56,8.6,6,1,0,2,22,16,1,219,3.2,2378,29:00,144,152,0,1,0.0
Alex Pietrangelo\pietral01,25,D,STL,81,7,39,46,-2,28,7.5,6,1,0,2,28,11,0,195,3.6,2058,25:25,161,70,0,0,
Dustin Byfuglien\byfugdu01,29,D,WPG,69,18,27,45,5,124,8.8,13,5,0,3,14,12,1,209,8.6,1565,22:41,60,204,0,3,0.0
Kevin Hayes\hayeske01,22,RW,NYR,79,17,28,45,15,22,5.8,15,1,1,1,24,4,0,111,15.3,1030,13:02,33,56,248,430,36.6
Shea Weber\webersh01,29,D,NSH,78,15,30,45,15,72,9.6,9,5,1,2,20,10,0,237,6.3,2057,26:22,147,166,0,0,
Mike Green\greenmi03,29,D,WSH,72,10,35,45,15,34,8.6,9,1,0,2,19,16,0,159,6.3,1376,19:06,93,82,0,0,
Duncan Keith\keithdu01,31,D,CHI,80,10,35,45,12,20,9.3,7,3,0,2,21,13,1,171,5.8,2045,25:34,113,16,0,0,
Justin Abdelkader\abdelju01,27,LW,DET,71,23,21,44,3,72,5.6,15,8,0,5,15,6,0,154,14.9,1272,17:55,28,153,7,8,46.7
Craig Smith\smithcr01,25,C,NSH,82,23,21,44,11,44,5.8,17,6,0,4,18,3,0,251,9.2,1291,15:44,17,77,13,18,41.9
Milan Lucic\lucicmi01,26,LW,BOS,81,18,26,44,13,81,5.3,16,2,0,4,20,6,0,141,12.8,1325,16:21,23,259,34,40,45.9
Jori Lehtera\lehtejo01,27,C,STL,75,14,30,44,21,48,5.3,11,2,1,2,24,5,1,103,13.6,1216,16:13,34,42,541,513,51.3
Carl Soderberg\soderca01,29,C,BOS,82,13,31,44,10,26,4.5,8,5,0,3,28,3,0,163,8.0,1378,16:49,36,76,369,389,48.7
Niklas Kronwall\kronwni01,34,D,DET,80,9,35,44,-4,40,7.2,6,3,0,1,15,20,0,101,8.9,1907,23:50,106,91,1,0,100.0
Jussi Jokinen\jokinju01,31,LW,FLA,81,8,36,44,-2,34,3.5,6,2,0,0,29,7,0,134,6.0,1356,16:44,50,52,126,124,50.4
Kevin Shattenkirk\shattke01,26,D,STL,56,8,36,44,19,52,8.5,4,4,0,1,15,21,0,135,5.9,1263,22:34,86,42,0,0,
Nick Bjugstad\bjugsni01,22,C,FLA,72,24,19,43,-7,38,5.3,17,7,0,3,14,5,0,207,11.6,1194,16:35,29,148,486,508,48.9
Oliver Ekman-Larsson\ekmanol01,23,D,ARI,82,23,20,43,-18,40,8.8,12,10,1,7,10,10,0,264,8.7,2067,25:13,77,167,0,0,
Troy Brouwer\brouwtr01,29,RW,WSH,82,21,22,43,11,53,5.2,11,8,2,3,16,6,0,145,14.5,1437,17:31,39,206,251,190,56.9
Drew Stafford\staffdr01,29,RW,TOT,76,18,25,43,-12,47,4.4,14,4,0,1,19,5,1,147,12.2,1254,16:30,15,81,87,86,50.3
Adam Henrique\henriad01,24,C,NJD,75,16,27,43,-6,34,4.4,11,5,0,3,15,11,1,127,12.6,1331,17:45,46,58,260,246,51.4
Patrick Sharp\sharppa01,33,LW,CHI,68,16,27,43,-8,33,4.5,8,8,0,2,21,6,0,230,7.0,1143,16:49,15,74,53,55,49.1
Frans Nielsen\nielsfr01,30,C,NYI,78,14,29,43,8,12,4.4,9,4,1,4,13,14,2,157,8.9,1293,16:35,80,48,506,543,48.2
Mike Cammalleri\cammami01,32,LW,NJD,68,27,15,42,2,28,6.0,16,9,2,8,13,2,0,156,17.3,1247,18:20,19,29,114,157,42.1
Brad Marchand\marchbr03,26,LW,BOS,77,24,18,42,5,95,5.5,20,2,2,5,17,0,1,180,13.3,1301,16:54,28,72,13,19,40.6
Brock Nelson\nelsobr01,23,C,NYI,82,20,22,42,6,24,4.9,10,10,0,3,17,5,0,190,10.5,1302,15:53,52,99,354,445,44.3
Colin Wilson\wilsoco01,25,C,NSH,77,20,22,42,19,22,5.7,17,3,0,5,18,4,0,172,11.6,1248,16:13,33,52,71,107,39.9
Michael Frolik\frolimi01,26,RW,WPG,82,19,23,42,4,18,4.7,13,3,3,4,19,4,0,206,9.2,1435,17:30,42,63,14,27,34.1
Dougie Hamilton\hamildo01,21,D,BOS,72,10,32,42,-2,41,7.1,5,5,0,2,22,10,0,188,5.3,1536,21:20,53,106,0,0,
Anders Lee\leean01,24,C,NYI,76,25,16,41,9,33,5.9,20,5,0,6,15,1,0,197,12.7,1094,14:24,29,169,1,0,100.0
Mathieu Perreault\perrema01,27,C,WPG,62,18,23,41,7,38,5.3,13,5,0,2,16,7,0,129,14.0,1008,16:15,13,75,224,210,51.6
Justin Williams\williju01,33,RW,LAK,81,18,23,41,8,29,4.9,14,4,0,2,14,9,0,174,10.3,1281,15:49,24,29,3,3,50.0
David Perron\perroda01,26,LW,TOT,81,17,24,41,-25,62,3.2,14,3,0,2,18,6,0,196,8.7,1404,17:20,21,171,3,9,25.0
Josh Bailey\bailejo01,25,LW,NYI,70,15,26,41,3,12,4.3,13,2,0,1,24,2,0,140,10.7,1175,16:47,36,66,30,36,45.5
Sam Gagner\gagnesa01,25,C,ARI,81,15,26,41,-28,28,3.1,9,6,0,1,20,6,0,183,8.2,1397,17:15,19,63,361,405,47.1
Matt Moulson\moulsma01,31,LW,BUF,77,13,28,41,-11,4,3.6,10,3,0,2,20,8,0,156,8.3,1362,17:41,49,34,13,9,59.1
T.J. Brodie\broditj01,24,D,CGY,81,11,30,41,15,30,8.8,7,3,1,3,22,6,2,133,8.3,2042,25:12,178,27,0,0,
Jake Muzzin\muzzija01,25,D,LAK,76,10,31,41,-4,22,7.1,6,4,0,3,20,10,1,173,5.8,1725,22:42,108,186,0,0,
Cam Atkinson\atkinca01,25,RW,CBJ,78,22,18,40,-2,22,4.5,14,7,1,7,15,3,0,212,10.4,1325,16:59,39,55,4,5,44.4
Cody Eakin\eakinco01,23,C,DAL,78,19,21,40,-1,26,4.0,15,2,2,6,18,2,1,142,13.4,1341,17:12,59,62,656,636,50.8
Chris Kunitz\kunitch01,35,LW,PIT,74,17,23,40,2,56,4.3,7,9,1,5,16,7,0,170,10.0,1324,17:53,29,211,7,6,53.8
Reilly Smith\smithre01,23,RW,BOS,81,13,27,40,7,20,4.1,12,1,0,0,17,10,0,143,9.1,1247,15:24,39,74,2,5,28.6
John Klingberg\klingjo01,22,D,DAL,65,11,29,40,5,32,6.7,9,2,0,3,19,10,0,98,11.2,1420,21:50,77,54,0,0,
Jack Johnson\johnsja02,28,D,CBJ,79,8,32,40,-13,44,5.4,5,3,0,1,14,18,0,141,5.7,1909,24:10,131,157,0,0,
Erik Cole\coleer01,36,LW,TOT,68,21,18,39,2,14,5.0,17,3,1,0,12,6,0,122,17.2,989,14:33,20,134,5,11,31.3
Mike Fisher\fishemi01,34,C,NSH,59,19,20,39,4,39,4.8,11,7,1,1,17,3,0,111,17.1,1088,18:26,60,125,601,548,52.3
Nazem Kadri\kadrina01,24,C,TOR,73,18,21,39,-7,28,4.1,14,3,1,1,17,4,0,176,10.2,1285,17:36,23,118,528,616,46.2
Elias Lindholm\lindhel01,20,C,CAR,81,17,22,39,-23,14,3.6,13,4,0,4,11,11,0,170,10.0,1330,16:25,30,106,115,105,52.3
Nick Bonino\boninni01,26,C,VAN,75,15,24,39,7,22,4.2,14,1,0,6,20,4,0,149,10.1,1269,16:55,89,31,585,649,47.4
Jakob Silfverberg\silfvja01,24,RW,ANA,81,13,26,39,15,24,4.2,10,2,1,2,22,2,2,189,6.9,1269,15:40,37,42,23,27,46.0
Aaron Ekblad\ekblaaa01,18,D,FLA,81,12,27,39,12,32,8.5,6,6,0,4,20,7,0,170,7.1,1767,21:49,80,109,0,0,
Torey Krug\krugto01,23,D,BOS,78,12,27,39,12,20,8.2,10,2,0,0,15,12,0,205,5.9,1529,19:36,68,75,0,0,
Anton Stralman\stralan01,28,D,TBL,82,9,30,39,22,26,8.0,7,2,0,0,18,12,0,138,6.5,1800,21:57,79,106,0,0,
Mikael Granlund\granlmi01,22,C,MIN,68,8,31,39,17,20,4.1,8,0,0,2,23,8,0,99,8.1,1217,17:54,45,47,476,508,48.4
Trevor Daley\daleytr01,31,D,DAL,68,16,22,38,-13,34,5.6,8,6,2,2,16,6,0,113,14.2,1556,22:53,123,29,0,0,
Alex Killorn\killoal01,25,C,TBL,71,15,23,38,8,36,4.0,13,1,1,5,21,2,0,130,11.5,1202,16:56,21,60,34,46,42.5
Brad Boyes\boyesbr01,32,RW,FLA,78,14,24,38,11,20,4.3,9,5,0,4,20,4,0,151,9.3,1221,15:39,38,60,97,76,56.1
Taylor Hall\hallta02,23,LW,EDM,53,14,24,38,-1,40,4.3,11,3,0,0,21,3,0,158,8.9,1019,19:13,37,67,45,52,46.4
Nathan MacKinnon\mackina01,19,C,COL,64,14,24,38,-7,34,3.7,11,3,0,2,20,4,0,192,7.3,1091,17:03,41,43,201,227,47.0
Antoine Vermette\vermean01,32,C,TOT,82,13,25,38,-25,40,2.5,7,6,0,1,17,8,0,109,11.9,1463,17:51,50,80,872,692,55.8
Victor Hedman\hedmavi01,24,D,TBL,59,10,28,38,12,40,7.0,7,3,0,2,20,8,0,115,8.7,1338,22:41,111,51,0,0,
Ryan Suter\suterry01,30,D,MIN,77,2,36,38,7,48,7.4,1,1,0,1,25,10,1,150,1.3,2238,29:04,127,69,0,0,
Nino Niederreiter\niedeni01,22,RW,MIN,80,24,13,37,2,28,5.1,17,6,1,5,11,2,0,149,16.1,1164,14:33,32,155,2,5,28.6
James Neal\nealja01,27,LW,NSH,67,23,14,37,12,57,5.2,20,3,0,6,13,1,0,222,10.4,1212,18:05,30,71,7,10,41.2
Sean Couturier\coutuse01,22,C,PHI,82,15,22,37,4,28,3.3,13,1,1,0,16,5,1,148,10.1,1508,18:23,35,72,643,678,48.7
Brad Richards\richabr01,34,C,CHI,76,12,25,37,3,12,3.8,10,2,0,3,20,5,0,199,6.0,1131,14:53,27,32,399,426,48.4
Sami Vatanen\vatansa01,23,D,ANA,67,12,25,37,5,36,6.7,4,7,1,1,15,10,0,122,9.8,1438,21:28,123,75,1,1,50.0
Evgeny Kuznetsov\kuzneev01,22,C,WSH,80,11,26,37,10,24,4.0,7,4,0,1,17,9,0,127,8.7,1066,13:20,15,43,304,377,44.6
Nick Leddy\leddyni01,23,D,NYI,78,10,27,37,18,14,7.7,9,1,0,1,15,11,1,120,8.3,1588,20:22,90,73,0,0,
Aleksander Barkov\barkoal01,19,C,FLA,71,16,20,36,-4,16,3.6,13,3,0,3,16,4,0,123,13.0,1242,17:30,35,35,462,540,46.1
Clarke MacArthur\macarcl01,29,LW,OTT,62,16,20,36,-6,36,3.8,10,6,0,5,16,4,0,140,11.4,1054,17:00,17,70,8,13,38.1
Tommy Wingels\wingeto01,26,C,SJS,75,15,21,36,-7,40,3.3,10,4,1,1,15,6,0,158,9.5,1235,16:28,55,263,68,84,44.7
Shane Doan\doansh01,38,RW,ARI,79,14,22,36,-29,65,2.2,9,5,0,0,17,5,0,189,7.4,1492,18:53,26,189,3,8,27.3
Chris Stewart\stewach02,27,RW,TOT,81,14,22,36,-26,88,2.6,9,5,0,0,17,5,0,155,9.0,1286,15:53,16,110,10,31,24.4
Brandon Dubinsky\dubinbr01,28,C,CBJ,47,13,23,36,11,43,4.4,12,0,1,1,16,7,0,100,13.0,849,18:04,11,152,436,423,50.8
Riley Sheahan\sheahri01,23,C,DET,79,13,23,36,-3,16,3.3,8,5,0,0,17,6,0,123,10.6,1236,15:39,20,21,484,479,50.3
Chris Higgins\higgich01,31,LW,VAN,77,12,24,36,8,16,3.7,9,3,0,1,22,2,0,171,7.0,1216,15:47,34,73,3,6,33.3
David Savard\savarda01,24,D,CBJ,82,11,25,36,0,71,6.4,8,3,0,3,18,7,0,112,9.8,1881,22:57,105,195,1,0,100.0
Cody Franson\fransco01,27,D,TOT,78,7,29,36,-7,28,5.7,2,5,0,0,17,12,0,127,5.5,1531,19:38,132,177,0,0,
Alex Goligoski\goligal01,29,D,DAL,81,4,32,36,0,24,5.2,4,0,0,0,22,8,2,122,3.3,1929,23:49,157,100,0,0,
Jimmy Hayes\hayesji01,25,RW,FLA,72,19,16,35,-4,20,4.1,15,4,0,3,9,7,0,166,11.4,1090,15:09,12,147,4,5,44.4
Carl Hagelin\hagelca01,26,LW,NYR,82,17,18,35,18,46,4.4,16,1,0,4,17,0,1,185,9.2,1249,15:14,36,84,7,10,41.2
Brian Gionta\giontbr01,36,RW,BUF,69,13,22,35,-13,18,3.0,9,3,1,2,16,6,0,153,8.5,1246,18:03,31,61,69,100,40.8
Curtis Glencross\glenccu01,32,LW,TOT,71,13,22,35,2,45,3.5,9,4,0,1,15,7,0,108,12.0,1111,15:39,50,124,8,10,44.4
Charlie Coyle\coylech01,22,C,MIN,82,11,24,35,13,39,3.8,10,1,0,4,22,2,0,120,9.2,1193,14:33,52,137,334,375,47.1
Johnny Boychuk\boychjo01,31,D,NYI,72,9,26,35,15,14,7.1,4,5,0,1,15,10,1,192,4.7,1561,21:41,149,171,2,1,66.7
Benoit Pouliot\poulibe01,28,LW,EDM,58,19,15,34,-1,28,4.5,14,4,1,3,12,3,0,105,18.1,964,16:37,31,71,13,21,38.2
Joel Ward\wardjo02,34,RW,WSH,82,19,15,34,-4,30,3.4,13,6,0,4,10,5,0,138,13.8,1383,16:52,38,53,60,67,47.2
Lance Bouma\boumala01,24,C,CGY,78,16,18,34,10,54,4.1,16,0,0,4,16,1,1,104,15.4,1093,14:01,82,264,29,45,39.2
Kris Versteeg\verstkr01,28,LW,CHI,61,14,20,34,11,35,4.3,12,2,0,1,17,3,0,134,10.4,967,15:51,22,31,15,33,31.3
Patrik Elias\eliaspa01,38,C,NJD,69,13,21,34,-20,12,2.6,8,5,0,1,15,4,2,114,11.4,1217,17:39,25,23,271,415,39.5
Milan Michalek\michami01,30,LW,OTT,66,13,21,34,3,33,3.5,7,5,1,1,16,5,0,130,10.0,1080,16:22,40,64,11,12,47.8
Teddy Purcell\purcete01,29,RW,EDM,82,12,22,34,-33,24,1.6,7,5,0,0,15,7,0,146,8.2,1407,17:10,19,24,4,3,57.1
Patrick Maroon\maroopa01,26,LW,ANA,71,9,25,34,-5,82,2.8,8,1,0,1,19,6,0,120,7.5,1014,14:17,10,120,7,14,33.3
Daniel Winnik\winnida01,29,C,TOT,79,9,25,34,23,27,3.7,9,0,0,1,24,0,1,97,9.3,1315,16:39,69,124,107,121,46.9
James Wisniewski\wisnija01,30,D,TOT,69,8,26,34,-13,44,4.5,1,7,0,2,18,8,0,147,5.4,1462,21:11,81,115,0,0,
Cam Fowler\fowleca01,23,D,ANA,80,7,27,34,4,14,5.8,5,1,1,2,18,8,1,87,8.0,1692,21:09,107,47,0,0,
Scott Gomez\gomezsc01,35,C,NJD,58,7,27,34,-10,23,2.8,7,0,0,1,13,14,0,70,10.0,958,16:31,15,24,357,418,46.1
Hampus Lindholm\lindhha01,21,D,ANA,78,7,27,34,25,32,7.7,7,0,0,1,21,6,0,107,6.5,1697,21:46,77,59,0,4,0.0
Marek Zidlicky\zidlima01,37,D,TOT,84,7,27,34,-9,56,6.0,1,6,0,1,13,14,0,130,5.4,1760,20:57,92,95,0,1,0.0
Kris Russell\russekr01,27,D,CGY,79,4,30,34,18,17,7.4,3,1,0,0,17,13,0,111,3.6,1892,23:57,283,61,0,0,
Brandon Sutter\suttebr03,25,C,PIT,80,21,12,33,6,14,4.1,14,3,4,4,10,2,0,180,11.7,1386,17:19,48,86,688,659,51.1
Eric Fehr\fehrer01,29,RW,WSH,75,19,14,33,8,20,4.3,17,1,1,4,14,0,0,142,13.4,1114,14:51,47,84,449,414,52.0
Alexandre Burrows\burroal01,33,RW,VAN,70,18,15,33,0,68,3.9,13,4,1,3,11,4,0,145,12.4,1083,15:29,33,73,6,8,42.9
Jannik Hansen\hanseja01,28,RW,VAN,81,16,17,33,-6,27,3.3,15,0,1,2,15,0,2,145,11.0,1132,13:58,30,80,1,4,20.0
Darren Helm\helmda01,28,C,DET,75,15,18,33,7,12,3.7,10,3,2,1,14,4,0,160,9.4,1188,15:50,25,132,223,192,53.7
Nail Yakupov\yakupna01,21,RW,EDM,81,14,19,33,-35,18,1.9,9,5,0,1,14,5,0,191,7.3,1251,15:27,28,97,0,1,0.0
Mike Santorelli\santomi01,29,C,TOT,79,12,21,33,0,14,3.3,11,0,1,2,18,2,1,145,8.3,1137,14:23,34,55,86,100,46.2
Victor Rask\raskvi01,21,C,CAR,80,11,22,33,-14,16,2.7,9,2,0,2,13,9,0,172,6.4,1307,16:20,36,42,468,450,51.0
Ryan McDonagh\mcdonry01,25,D,NYR,71,8,25,33,23,26,7.3,5,3,0,2,13,9,3,148,5.4,1642,23:08,139,77,0,0,
Travis Hamonic\hamontr01,24,D,NYI,71,5,28,33,15,85,6.4,4,1,0,0,21,7,0,132,3.8,1547,21:47,131,213,0,0,
Matt Beleskey\belesma01,26,LW,ANA,65,22,10,32,13,41,5.0,18,4,0,8,10,0,0,145,15.2,941,14:29,25,159,8,11,42.1
Steve Bernier\bernist01,29,RW,NJD,67,16,16,32,2,28,4.2,12,4,0,2,12,4,0,107,15.0,867,12:56,48,126,1,1,50.0
Derek Roy\royde01,31,C,TOT,72,12,20,32,-13,24,2.6,8,4,0,2,17,3,0,113,10.6,1128,15:40,43,32,407,494,45.2
Ales Hemsky\hemskal01,31,RW,DAL,76,11,21,32,-8,16,2.5,10,1,0,1,14,7,0,140,7.9,1037,13:38,35,22,0,0,
Michael Del Zotto\delzomi01,24,D,PHI,64,10,22,32,-5,34,5.3,8,1,1,4,15,7,0,119,8.4,1403,21:55,128,153,0,0,
Martin Erat\eratma01,33,RW,ARI,79,9,23,32,-16,48,2.1,6,3,0,1,20,3,0,91,9.9,1253,15:52,25,96,0,6,0.0
Jonathan Drouin\drouijo01,19,LW,TBL,70,4,28,32,3,34,2.4,1,3,0,0,25,3,0,76,5.3,927,13:14,17,56,10,11,47.6
Jeff Skinner\skinnje01,22,LW,CAR,77,18,13,31,-24,18,2.9,14,4,0,2,10,3,0,235,7.7,1236,16:03,12,47,21,25,45.7
Mark Arcobello\arcobma01,26,C,TOT,77,17,14,31,-10,20,3.3,16,1,0,2,10,3,1,129,13.2,1140,14:48,27,111,471,468,50.2
Blake Comeau\comeabl01,28,LW,PIT,61,16,15,31,6,65,4.0,16,0,0,5,14,1,0,147,10.9,932,15:17,11,188,7,2,77.8
Nikolai Kulemin\kulemni01,28,LW,NYI,82,15,16,31,7,21,3.3,12,0,3,0,15,0,1,115,13.0,1219,14:52,58,129,7,17,29.2
Jiri Tlusty\tlustji01,26,LW,TOT,72,14,17,31,-18,20,2.7,8,6,0,0,13,4,0,123,11.4,1154,16:01,39,82,5,10,33.3
Tomas Hertl\hertlto01,21,C,SJS,82,13,18,31,-5,16,2.7,10,3,0,4,15,3,0,145,9.0,1193,14:33,33,103,35,43,44.9
Justin Fontaine\fontaju01,27,RW,MIN,71,9,22,31,13,12,3.7,9,0,0,2,20,2,0,104,8.7,849,11:57,27,9,1,1,50.0
Rickard Rakell\rakelri01,21,C,ANA,71,9,22,31,6,10,3.2,7,2,0,1,15,7,0,105,8.6,893,12:34,22,79,310,352,46.8
Alexander Edler\edleral01,28,D,VAN,74,8,23,31,13,54,6.9,3,5,0,2,14,9,0,175,4.6,1774,23:59,126,94,0,1,0.0
Brent Seabrook\seabrbr01,29,D,CHI,82,8,23,31,-3,27,6.0,4,4,0,2,11,11,1,181,4.4,1819,22:11,141,135,0,0,
David Krejci\krejcda01,28,C,BOS,47,7,24,31,7,22,3.1,5,1,1,1,17,7,0,70,10.0,854,18:10,29,35,316,266,54.3
Justin Schultz\schulju01,24,D,EDM,81,6,25,31,-17,12,4.7,6,0,0,1,13,12,0,122,4.9,1832,22:37,114,41,1,0,100.0
Matt Niskanen\niskama01,28,D,WSH,82,4,27,31,7,47,6.0,2,2,0,0,18,8,1,117,3.4,1833,22:21,106,143,0,0,
Danny DeKeyser\dekeyda01,24,D,DET,80,2,29,31,11,42,6.0,2,0,0,1,23,6,0,89,2.2,1674,20:56,88,74,0,0,
Zemgus Girgensons\girgeze01,21,C,BUF,61,15,15,30,-16,25,2.6,11,1,3,1,12,3,0,115,13.0,1164,19:05,62,127,440,556,44.2
David Jones\jonesda01,30,RW,CGY,67,14,16,30,-3,18,3.1,12,2,0,1,16,0,0,114,12.3,961,14:20,45,125,15,16,48.4
Matt Read\readma01,28,RW,PHI,80,8,22,30,-4,14,1.6,6,2,0,2,18,3,1,142,5.6,1405,17:34,55,108,11,10,52.4
Jason Garrison\garrija01,30,D,TBL,70,4,26,30,27,19,6.7,3,1,0,3,16,10,0,111,3.6,1401,20:01,94,46,0,0,
Andrew Cogliano\coglian01,27,C,ANA,82,15,14,29,5,14,3.0,12,0,3,2,14,0,0,134,11.2,1197,14:36,30,139,16,33,32.7
Kyle Palmieri\palmiky01,23,RW,ANA,57,14,15,29,-2,37,3.3,9,5,0,4,9,6,0,112,12.5,804,14:06,24,97,6,6,50.0
Vernon Fiddler\fiddlve01,34,C,DAL,80,13,16,29,-5,34,2.5,9,3,1,2,15,0,1,132,9.8,1050,13:08,61,43,569,528,51.9
Shawn Horcoff\horcosh01,36,C,DAL,76,11,18,29,9,27,3.0,7,4,0,1,17,1,0,82,13.4,989,13:01,25,80,237,235,50.2
Dale Weise\weiseda01,26,RW,MTL,79,10,19,29,21,34,3.7,10,0,0,1,19,0,0,91,11.0,962,12:11,34,145,5,7,41.7
Morgan Rielly\riellmo01,20,D,TOR,81,8,21,29,-16,14,4.5,7,1,0,0,13,8,0,148,5.4,1647,20:20,103,98,0,0,
Dion Phaneuf\phanedi01,29,D,TOR,70,3,26,29,-11,108,4.3,1,2,0,1,12,13,1,138,2.2,1660,23:43,126,166,0,0,
Michael Raffl\rafflmi01,26,LW,PHI,67,21,7,28,6,34,4.0,18,2,1,2,7,0,0,134,15.7,951,14:12,46,172,44,53,45.4
Lee Stempniak\stemple01,31,RW,TOT,71,15,13,28,8,20,3.6,15,0,0,3,12,1,0,115,13.0,903,12:43,23,77,13,19,40.6
Bryan Bickell\bickebr01,28,LW,CHI,80,14,14,28,5,38,3.4,13,1,0,3,12,2,0,113,12.4,966,12:05,13,205,0,2,0.0
Mikkel Boedker\boedkmi01,25,LW,ARI,45,14,14,28,-10,6,3.2,11,3,0,2,5,9,0,79,17.7,787,17:29,9,66,0,2,0.0
Steve Downie\downist01,27,RW,PIT,72,14,14,28,2,238,3.3,11,3,0,2,12,2,0,104,13.5,895,12:26,34,108,4,4,50.0
Nathan Gerbe\gerbena01,27,LW,CAR,78,10,18,28,-14,34,2.0,8,2,0,2,12,6,0,235,4.3,1283,16:27,23,73,9,6,60.0
Joe Colborne\colbojo01,25,C,CGY,64,8,20,28,7,43,2.6,6,1,1,1,16,4,0,67,11.9,987,15:25,36,163,176,152,53.7
Chris Kelly\kellych01,34,C,BOS,80,7,21,28,6,48,2.1,6,0,1,2,20,0,1,112,6.3,1211,15:08,61,126,262,274,48.9
Tyler Myers\myersty01,24,D,TOT,71,7,21,28,-6,77,5.5,5,2,0,0,15,4,2,124,5.6,1749,24:38,132,65,0,0,
Shawn Matthias\matthsh01,26,C,VAN,78,18,9,27,-3,16,3.2,17,1,0,0,8,0,1,132,13.6,1022,13:06,33,65,85,102,45.5
Lars Eller\ellerla01,25,C,MTL,77,15,12,27,-6,42,2.5,14,1,0,7,9,1,2,150,10.0,1193,15:30,37,76,405,374,52.0
Patrick Eaves\eavespa01,30,RW,DAL,47,14,13,27,12,8,3.9,8,6,0,2,10,3,0,91,15.4,645,13:43,27,69,2,3,40.0
Patrik Berglund\berglpa01,26,C,STL,77,12,15,27,-2,26,2.4,12,0,0,0,14,1,0,145,8.3,1122,14:35,26,93,161,168,48.9
Dustin Brown\browndu01,30,RW,LAK,82,11,16,27,-17,26,1.3,10,1,0,3,11,5,0,189,5.8,1354,16:31,23,234,13,21,38.2
Mikael Backlund\backlmi01,25,C,CGY,52,10,17,27,4,14,2.7,8,0,2,2,16,1,0,103,9.7,923,17:45,33,41,432,456,48.6
Dominic Moore\mooredo01,34,C,NYR,82,10,17,27,5,28,2.3,8,0,2,3,16,1,0,116,8.6,1132,13:49,45,54,581,486,54.5
Matthew Nieto\nietoma01,22,LW,SJS,72,10,17,27,-12,20,1.8,9,1,0,1,13,3,1,135,7.4,1098,15:15,38,24,0,1,0.0
David Pastrnak\pastrda01,18,RW,BOS,46,10,17,27,12,8,3.6,8,2,0,3,16,1,0,93,10.8,643,13:58,11,20,5,12,29.4
Ryan Ellis\ellisry01,24,D,NSH,58,9,18,27,8,27,5.6,7,2,0,0,14,4,0,118,7.6,1101,18:59,74,41,0,0,
David Legwand\legwada01,34,C,OTT,80,9,18,27,1,32,2.1,3,6,0,0,10,6,2,91,9.9,1112,13:54,25,43,451,507,47.1
Nick Spaling\spalini01,26,C,PIT,82,9,18,27,-2,26,1.9,8,1,0,0,18,0,0,90,10.0,1250,15:14,45,134,84,90,48.3
Tomas Fleischmann\fleisto01,30,LW,TOT,66,8,19,27,12,12,2.8,8,0,0,1,18,1,0,131,6.1,970,14:42,15,64,4,10,28.6
Seth Jones\jonesse01,20,D,NSH,82,8,19,27,3,20,5.4,5,2,1,0,10,9,0,123,6.5,1630,19:53,90,72,0,0,
Artem Anisimov\anisiar01,26,C,CBJ,52,7,20,27,-6,8,2.0,7,0,0,2,13,4,3,88,8.0,852,16:23,26,33,102,127,44.5
Brian Campbell\campbbr02,35,D,FLA,82,3,24,27,4,22,5.6,2,1,0,0,13,11,0,118,2.5,1903,23:13,85,44,0,0,
Jason Zucker\zuckeja01,23,LW,MIN,51,21,5,26,-9,18,3.7,19,1,1,3,5,0,0,124,16.9,768,15:04,13,67,2,4,33.3
Andrew Shaw\shawan01,23,C,CHI,79,15,11,26,-8,67,2.4,10,5,0,2,10,1,0,146,10.3,1181,14:57,33,127,357,355,50.1
Dwight King\kingdw01,25,LW,LAK,81,13,13,26,-3,21,2.4,13,0,0,1,11,1,1,127,10.2,1166,14:24,14,124,3,2,60.0
Alex Chiasson\chiasal01,24,RW,OTT,76,11,15,26,-5,67,2.1,8,3,0,1,11,3,1,105,10.5,1017,13:23,20,93,3,18,14.3
John Mitchell\mitchjo01,30,C,COL,68,11,15,26,-9,32,2.0,7,3,1,1,14,1,0,105,10.5,1078,15:51,56,143,374,361,50.9
Kevin Klein\kleinke01,30,D,NYR,65,9,17,26,24,25,6.5,9,0,0,4,17,0,0,76,11.8,1202,18:29,115,126,0,1,0.0
Colton Sceviour\scevico01,25,C,DAL,71,9,17,26,1,13,2.3,9,0,0,2,13,4,0,113,8.0,903,12:43,41,77,30,41,42.3
Leo Komarov\komarle01,28,C,TOR,62,8,18,26,0,18,2.4,7,0,1,1,15,1,2,84,9.5,911,14:42,25,250,95,97,49.5
Bo Horvat\horvabo01,19,C,VAN,68,13,12,25,-8,16,2.5,12,0,1,1,12,0,0,93,14.0,834,12:16,47,69,436,409,51.6
Antoine Roussel\roussan01,25,LW,DAL,80,13,12,25,-20,148,1.2,13,0,0,1,9,3,0,113,11.5,1162,14:31,71,115,3,14,17.6
Peter Holland\hollape01,24,C,TOR,62,11,14,25,0,31,2.7,9,1,1,3,11,2,1,93,11.8,900,14:31,21,99,312,373,45.5
Travis Zajac\zajactr01,29,C,NJD,74,11,14,25,-3,29,1.9,5,4,2,0,11,3,0,112,9.8,1411,19:04,35,70,629,564,52.7
Trevor Lewis\lewistr01,28,C,LAK,73,9,16,25,8,14,2.5,8,0,1,2,16,0,0,143,6.3,1030,14:06,17,189,66,98,40.2
Jared Spurgeon\spurgja01,25,D,MIN,66,9,16,25,3,6,5.6,6,3,0,2,13,3,0,128,7.0,1493,22:37,124,48,0,0,
Stephen Weiss\weissst01,31,C,DET,52,9,16,25,-2,16,2.8,6,3,0,1,10,6,0,52,17.3,590,11:21,12,19,10,11,47.6
Ryan Garbutt\garbury01,29,LW,DAL,67,8,17,25,-9,55,1.6,7,0,1,2,17,0,0,143,5.6,909,13:34,48,82,16,9,64.0
Riley Nash\nashri02,25,C,CAR,68,8,17,25,-10,12,1.9,7,1,0,0,12,5,0,94,8.5,1109,16:19,46,88,488,470,50.9
Matt Cullen\cullema01,38,C,NSH,62,7,18,25,8,16,2.6,7,0,0,1,14,4,0,90,7.8,807,13:01,18,10,155,132,54.0
Derek Dorsett\dorsede01,28,RW,VAN,79,7,18,25,4,175,2.1,5,0,2,3,18,0,0,89,7.9,952,12:03,37,166,7,9,43.8
Jason Demers\demerja01,26,D,TOT,81,5,20,25,-3,71,3.9,3,2,0,2,17,3,0,99,5.1,1549,19:08,85,118,0,0,
Brandon Pirri\pirribr01,23,C,FLA,49,22,2,24,6,14,4.2,15,7,0,4,2,0,0,143,15.4,724,14:46,13,39,86,89,49.1
Brian Boyle\boylebr01,30,C,TBL,82,15,9,24,3,54,2.5,12,0,3,5,9,0,0,140,10.7,1065,13:00,63,128,438,456,49.0
Melker Karlsson\karlsme01,24,C,SJS,53,13,11,24,-3,20,2.6,12,1,0,2,11,0,0,100,13.0,818,15:26,26,51,13,20,39.4
Josh Jooris\joorijo01,24,RW,CGY,60,12,12,24,1,16,2.5,8,4,0,4,11,1,0,89,13.5,870,14:30,30,60,279,293,48.8
Linden Vey\veyli01,23,RW,VAN,75,10,14,24,-3,18,2.0,6,4,0,2,12,2,0,61,16.4,988,13:10,9,14,215,287,42.8
Martin Hanzal\hanzama01,27,C,ARI,37,8,16,24,-1,31,2.6,7,1,0,3,12,3,1,85,9.4,656,17:44,18,105,346,266,56.5
Jordan Staal\staaljo01,26,C,CAR,46,6,18,24,-6,14,2.0,5,1,0,1,12,6,0,92,6.5,853,18:33,15,85,499,386,56.4
Jake Gardiner\gardija01,24,D,TOR,79,4,20,24,-23,24,2.8,4,0,0,0,12,8,0,100,4.0,1657,20:58,83,109,0,0,
Adam Larsson\larssad01,22,D,NJD,64,3,21,24,2,34,5.0,3,0,0,1,18,0,3,91,3.3,1342,20:58,124,93,0,0,
Brayden McNabb\mcnabbr01,24,D,LAK,71,2,22,24,11,52,5.0,2,0,0,1,17,5,0,74,2.7,1129,15:54,56,175,1,0,100.0
Matt Calvert\calvema01,25,LW,CBJ,56,13,10,23,1,28,2.5,13,0,0,3,9,0,1,93,14.0,896,16:00,20,92,6,4,60.0
Erik Johnson\johnser01,26,D,COL,47,12,11,23,2,33,5.2,9,3,0,2,7,3,1,115,10.4,1148,24:25,107,93,0,0,
Mason Raymond\raymoma01,29,LW,CGY,57,12,11,23,-8,8,2.1,12,0,0,1,10,1,0,123,9.8,844,14:49,13,7,0,3,0.0
Francois Beauchemin\beaucfr01,34,D,ANA,64,11,12,23,17,48,6.1,9,2,0,1,10,1,1,110,10.0,1456,22:45,107,105,1,0,100.0
Adam Lowry\lowryad01,21,LW,WPG,80,11,12,23,1,46,2.0,10,0,1,2,9,3,0,104,10.6,1100,13:45,32,255,406,453,47.3
Marco Scandella\scandma01,24,D,MIN,64,11,12,23,8,56,5.9,10,1,0,4,7,4,1,112,9.8,1390,21:43,100,90,0,0,
J.T. Miller\millejt01,21,C,NYR,58,10,13,23,5,23,2.6,8,2,0,3,12,1,0,92,10.9,737,12:42,28,89,93,112,45.4
Erik Condra\condrer01,28,RW,OTT,68,9,14,23,13,30,2.4,8,0,1,1,13,0,1,106,8.5,983,14:27,53,33,2,7,22.2
Jiri Sekac\sekacji01,22,LW,TOT,69,9,14,23,0,22,2.0,7,2,0,0,13,1,0,85,10.6,936,13:34,29,75,0,2,0.0
Marc-Edouard Vlasic\vlasima01,27,D,SJS,70,9,14,23,12,23,5.9,9,0,0,3,11,3,0,98,9.2,1548,22:07,112,51,0,0,
Dave Bolland\bollada01,28,C,FLA,53,6,17,23,4,48,2.0,5,0,1,0,12,5,0,76,7.9,867,16:21,21,89,414,517,44.5
Toby Enstrom\enstrto01,30,D,WPG,60,4,19,23,13,36,5.2,3,1,0,0,13,6,0,58,6.9,1414,23:34,93,28,0,0,
Simon Despres\desprsi01,23,D,TOT,75,3,20,23,11,86,5.0,3,0,0,1,19,1,0,103,2.9,1265,16:52,101,233,0,1,0.0
Andrej Sekera\sekeran01,28,D,TOT,73,3,20,23,-3,14,5.3,2,1,0,0,14,5,1,100,3.0,1605,21:59,118,59,0,0,
Justin Braun\braunju01,27,D,SJS,70,1,22,23,8,48,4.6,1,0,0,0,20,2,0,94,1.1,1472,21:02,130,79,0,0,
Dan Hamhuis\hamhuda01,32,D,VAN,59,1,22,23,0,44,3.7,0,1,0,0,20,2,0,82,1.2,1270,21:32,71,82,0,0,
Evander Kane\kaneev01,23,LW,WPG,37,10,12,22,-1,56,2.4,5,4,1,1,8,2,2,126,7.9,715,19:19,14,119,30,37,44.8
Andre Burakovsky\burakan01,19,LW,WSH,53,9,13,22,12,10,2.8,7,2,0,2,12,1,0,65,13.8,685,12:55,18,22,74,93,44.3
P.A. Parenteau\parenpi01,31,RW,MTL,56,8,14,22,0,30,2.0,5,3,0,1,13,1,0,97,8.2,839,14:59,19,32,10,16,38.5
Johan Franzen\franzjo01,35,C,DET,33,7,15,22,-12,30,1.9,3,4,0,3,8,7,0,74,9.5,530,16:04,13,45,5,10,33.3
Jeff Petry\petryje01,27,D,TOT,78,7,15,22,-28,42,2.6,6,1,0,1,11,3,1,126,5.6,1658,21:15,109,145,0,0,
Vincent Trocheck\trochvi01,21,C,FLA,50,7,15,22,9,24,2.5,6,1,0,0,15,0,0,89,7.9,700,14:00,19,93,234,247,48.6
Jacob Trouba\troubja01,20,D,WPG,65,7,15,22,2,46,4.6,6,1,0,0,10,5,0,133,5.3,1516,23:19,120,97,0,1,0.0
Alec Martinez\martial01,27,D,LAK,56,6,16,22,9,10,5.0,5,1,0,1,13,3,0,103,5.8,1116,19:56,117,95,0,0,
Andy Greene\greenan01,32,D,NJD,82,3,19,22,1,20,5.5,3,0,0,1,17,1,1,83,3.6,1931,23:33,173,82,0,0,
Dmitry Kulikov\kulikdm01,24,D,FLA,73,3,19,22,0,48,4.3,2,1,0,0,13,5,1,83,3.6,1556,21:19,105,114,0,0,
Thomas Hickey\hicketh01,25,D,NYI,81,2,20,22,-12,26,2.4,2,0,0,1,18,0,2,82,2.4,1533,18:56,136,117,1,1,50.0
John-Michael Liles\lilesjo01,34,D,CAR,57,2,20,22,-9,14,3.9,2,0,0,0,13,7,0,90,2.2,1091,19:09,74,71,0,0,
Tobias Rieder\riedeto01,22,RW,ARI,72,13,8,21,-19,14,1.3,10,0,3,1,6,2,0,189,6.9,1217,16:54,37,123,1,4,20.0
Yannick Weber\weberya01,26,D,VAN,65,11,10,21,4,30,4.8,6,5,0,1,7,3,0,117,9.4,1117,17:11,62,66,0,0,
Joffrey Lupul\lupuljo01,31,LW,TOR,55,10,11,21,-10,26,1.7,8,2,0,1,10,1,0,97,10.3,852,15:29,20,78,4,2,66.7
Kevin Connauton\connake01,24,D,TOT,62,9,12,21,5,35,4.4,9,0,0,4,9,3,0,96,9.4,1005,16:13,48,83,0,0,
Marko Dano\danoma01,20,C,CBJ,35,8,13,21,12,14,2.9,8,0,0,1,13,0,0,84,9.5,464,13:15,12,94,16,21,43.2
Brad Richardson\richabr02,29,RW,VAN,45,8,13,21,0,34,2.1,7,0,1,1,12,1,0,66,12.1,651,14:28,20,57,272,298,47.7
Jay McClement\mccleja01,31,C,CAR,82,7,14,21,-7,17,1.4,7,0,0,2,14,0,0,68,10.3,1113,13:35,53,79,549,441,55.5
Lauri Korpikoski\korpila01,28,LW,ARI,69,6,15,21,-27,12,0.4,1,5,0,1,11,3,1,82,7.3,1052,15:15,48,141,11,22,33.3
Chris Tierney\tiernch01,20,C,SJS,43,6,15,21,3,6,2.3,5,1,0,1,12,3,0,48,12.5,527,12:15,17,11,150,192,43.9
Karl Alzner\alzneka01,26,D,WSH,82,5,16,21,14,20,5.4,5,0,0,0,16,0,0,72,6.9,1593,19:26,165,120,0,0,
Cody Ceci\cecico01,21,D,OTT,81,5,16,21,-4,6,3.6,4,1,0,0,13,3,0,130,3.8,1562,19:17,113,89,0,0,
Chris Terry\terrych01,25,LW,CAR,57,11,9,20,-4,14,2.4,8,3,0,0,8,1,0,71,15.5,725,12:43,17,44,6,5,54.5
Jay Beagle\beaglja01,29,RW,WSH,62,10,10,20,6,20,2.2,10,0,0,2,9,0,1,84,11.9,794,12:49,33,73,217,167,56.5
Dan Boyle\boyleda01,38,D,NYR,65,9,11,20,18,20,5.4,6,3,0,3,6,5,0,116,7.8,1316,20:15,79,49,0,0,
Kyle Brodziak\brodzky01,30,C,MIN,73,9,11,20,-6,47,1.5,8,0,1,0,11,0,0,86,10.5,952,13:03,63,56,338,340,49.9
Zdeno Chara\charazd01,37,D,BOS,63,8,12,20,0,42,4.5,4,4,0,0,8,1,3,138,5.8,1471,23:21,99,125,1,0,100.0
Marcus Foligno\foligma01,23,LW,BUF,57,8,12,20,-5,50,1.6,8,0,0,0,10,1,1,66,12.1,925,16:14,48,193,57,75,43.2
Vincent Lecavalier\lecavvi01,34,C,PHI,57,8,12,20,-7,36,1.6,7,1,0,0,9,3,0,103,7.8,721,12:39,15,40,95,96,49.7
Rasmus Ristolainen\ristora01,20,D,BUF,78,8,12,20,-32,26,2.6,4,4,0,0,7,5,0,121,6.6,1608,20:37,136,118,1,0,100.0
Brooks Laich\laichbr01,31,C,WSH,66,7,13,20,-2,24,1.3,7,0,0,2,11,1,1,106,6.6,972,14:43,53,107,87,111,43.9
Andrej Nestrasil\nestran01,23,C,TOT,54,7,13,20,-1,8,2.0,5,2,0,0,10,3,0,82,8.5,721,13:21,17,54,55,39,58.5
Anton Lander\landean01,23,C,EDM,38,6,14,20,-12,14,1.6,2,4,0,2,11,3,0,61,9.8,570,15:01,12,59,226,225,50.1
Devante Smith-Pelly\smithde06,22,RW,TOT,74,6,14,20,-1,24,1.0,5,0,1,1,12,1,1,104,5.8,1057,14:17,49,205,23,60,27.7
Zach Redmond\redmoza01,26,D,COL,59,5,15,20,-1,24,3.7,4,1,0,1,10,5,0,93,5.4,1012,17:09,76,59,0,0,
Marc Staal\staalma01,28,D,NYR,80,5,15,20,18,42,5.0,5,0,0,0,13,0,2,97,5.2,1691,21:08,123,99,1,1,50.0
Lubomir Visnovsky\visnolu01,38,D,NYI,53,5,15,20,-3,8,3.1,3,2,0,1,12,3,0,85,5.9,1035,19:32,61,38,0,1,0.0
Dan Girardi\girarda01,30,D,NYR,82,4,16,20,12,22,4.5,3,1,0,1,13,2,1,111,3.6,1861,22:42,184,224,0,0,
Alexander Wennberg\wennbal01,20,C,CBJ,68,4,16,20,-19,22,-0.1,3,1,0,0,13,3,0,85,4.7,1062,15:37,45,58,288,386,42.7
Zach Bogosian\bogosza01,24,D,TOT,62,3,17,20,-6,78,3.5,3,0,0,0,15,2,0,125,2.4,1469,23:41,90,189,0,0,
Paul Martin\martipa01,33,D,PIT,74,3,17,20,17,20,5.7,3,0,0,0,16,1,0,61,4.9,1687,22:47,139,60,0,0,
Oscar Klefbom\klefbos01,21,D,EDM,60,2,18,20,-21,4,2.1,2,0,0,0,16,2,0,98,2.0,1320,22:00,102,45,0,0,
Chris Tanev\tanevch01,25,D,VAN,70,2,18,20,8,12,4.3,2,0,0,1,16,2,0,53,3.8,1476,21:05,170,23,0,0,
Cedric Paquette\paquece01,21,C,TBL,64,12,7,19,4,51,2.0,10,0,2,3,7,0,0,91,13.2,871,13:37,55,117,106,120,46.9
Jean-Gabriel Pageau\pageaje01,22,C,OTT,50,10,9,19,4,9,2.2,8,0,2,2,9,0,0,97,10.3,709,14:11,20,158,335,344,49.3
Sean Bergenheim\bergese01,30,LW,TOT,56,9,10,19,-2,40,1.8,9,0,0,2,8,2,0,108,8.3,735,13:07,13,72,2,4,33.3
Mikhail Grabovski\grabomi01,31,C,NYI,51,9,10,19,3,8,2.0,9,0,0,2,9,1,0,81,11.1,728,14:16,19,11,38,45,45.8
Matt Irwin\irwinma01,27,D,SJS,53,8,11,19,3,18,4.1,7,1,0,1,9,2,0,93,8.6,902,17:01,65,55,0,0,
Jason Chimera\chimeja01,35,LW,WSH,77,7,12,19,-1,51,1.1,7,0,0,2,12,0,0,96,7.3,996,12:56,18,132,43,33,56.6
Paul Byron\byronpa01,25,C,CGY,57,6,13,19,-2,8,1.3,5,1,0,0,11,0,2,62,9.7,825,14:28,24,101,34,62,35.4
Eric Gelinas\geliner01,23,D,NJD,61,6,13,19,-2,42,4.0,3,3,0,2,7,6,0,112,5.4,1004,16:28,50,82,0,0,
Michael Ryder\rydermi01,34,RW,NJD,47,6,13,19,-1,30,1.8,6,0,0,0,11,2,0,89,6.7,681,14:29,14,53,2,4,33.3
Alexander Semin\seminal01,30,RW,CAR,57,6,13,19,-10,32,1.2,6,0,0,0,9,4,0,93,6.5,908,15:55,17,30,3,6,33.3
Niklas Hjalmarsson\hjalmni01,27,D,CHI,82,3,16,19,25,44,6.4,3,0,0,1,16,0,0,97,3.1,1795,21:53,127,39,0,0,
Brooks Orpik\orpikbr01,34,D,WSH,78,0,19,19,5,66,3.9,0,0,0,0,19,0,0,66,0.0,1700,21:48,192,306,0,0,
Dmitrij Jaskin\jaskidm01,21,RW,STL,54,13,5,18,7,16,2.5,10,3,0,4,5,0,0,108,12.0,727,13:28,21,146,3,4,42.9
Luke Glendening\glendlu01,25,C,DET,82,12,6,18,5,34,1.6,11,1,0,2,6,0,0,104,11.5,1207,14:43,73,147,499,463,51.9
Casey Cizikas\cizikca01,23,C,NYI,70,9,9,18,-2,24,1.3,7,0,2,2,8,1,0,90,10.0,876,12:31,50,144,446,409,52.2
Markus Granlund\granlma01,21,C,CGY,48,8,10,18,-4,16,1.6,7,1,0,1,9,1,0,65,12.3,642,13:22,25,44,198,331,37.4
Ryan Spooner\spoonry01,23,C,BOS,29,8,10,18,2,2,2.3,5,3,0,1,8,2,0,73,11.0,422,14:32,5,17,100,120,45.5
Mattias Ekholm\ekholma01,24,D,NSH,80,7,11,18,12,52,5.0,6,1,0,1,10,1,0,86,8.1,1521,19:01,102,57,1,0,100.0
Calle Jarnkrok\jarnkca01,23,C,NSH,74,7,11,18,2,18,1.2,7,0,0,1,10,0,1,95,7.4,951,12:51,21,32,295,345,46.1
James Sheppard\sheppja01,26,C,TOT,71,7,11,18,-4,37,1.0,7,0,0,1,10,1,0,79,8.9,941,13:15,40,112,246,271,47.6
Maxime Talbot\talboma01,30,C,TOT,81,5,13,18,-1,29,0.7,5,0,0,1,13,0,0,97,5.2,1102,13:37,51,132,76,82,48.1
Nate Thompson\thompna01,30,C,ANA,80,5,13,18,0,39,0.6,4,0,1,3,13,0,0,87,5.7,1066,13:19,52,204,557,496,52.9
Matt Carle\carlema01,30,D,TBL,59,4,14,18,12,26,4.0,3,1,0,0,14,0,0,73,5.5,1209,20:29,109,27,0,0,
Brandon Prust\prustbr01,30,LW,MTL,82,4,14,18,6,134,1.0,4,0,0,0,13,0,1,78,5.1,1063,12:58,34,122,16,15,51.6
Tomas Jurco\jurcoto01,22,RW,DET,63,3,15,18,6,14,1.4,2,1,0,0,14,1,0,92,3.3,725,11:31,11,97,0,2,0.0
Kyle Quincey\quincky01,29,D,DET,73,3,15,18,10,77,4.4,3,0,0,0,14,0,1,90,3.3,1422,19:29,82,104,0,0,
Michael Stone\stonemi01,24,D,ARI,81,3,15,18,-24,60,2.7,3,0,0,0,10,5,0,144,2.1,1690,20:52,189,202,1,0,100.0
Brett Connolly\connobr01,22,RW,TOT,55,12,5,17,3,48,2.1,10,2,0,2,4,1,0,83,14.5,668,12:09,13,90,18,25,41.9
Richard Panik\panikri01,23,RW,TOR,76,11,6,17,-8,49,1.4,9,2,0,1,6,0,0,87,12.6,885,11:39,57,101,2,5,28.6
Boone Jenner\jennebo01,21,C,CBJ,31,9,8,17,-5,12,1.7,7,2,0,2,5,3,0,83,10.8,566,18:16,25,102,151,155,49.3
Marcus Kruger\krugema01,24,C,CHI,81,7,10,17,-5,32,0.8,7,0,0,1,10,0,0,126,5.6,1060,13:05,50,29,357,313,53.3
Matt Stajan\stajama01,31,C,CGY,59,7,10,17,7,28,1.7,7,0,0,0,9,0,1,46,15.2,708,12:00,21,72,306,307,49.9
Jarret Stoll\stollja01,32,C,LAK,73,6,11,17,3,58,0.9,3,3,0,2,8,1,2,83,7.2,1131,15:29,53,162,563,562,50.0
Ian Cole\coleia01,25,D,TOT,74,5,12,17,14,51,4.7,5,0,0,0,11,1,0,83,6.0,1183,15:59,99,73,0,0,
Brian Flynn\flynnbr01,26,C,TOT,63,5,12,17,-5,8,0.8,5,0,0,0,9,1,2,82,6.1,939,14:55,46,44,172,179,49.0
Damon Severson\severda01,20,D,NJD,51,5,12,17,-13,22,2.9,5,0,0,0,5,7,0,93,5.4,1120,21:58,37,20,0,1,0.0
Tom Wilson\wilsoto01,20,RW,WSH,67,4,13,17,-1,172,1.0,4,0,0,0,13,0,0,79,5.1,733,10:56,24,205,2,9,18.2
Jonas Brodin\brodijo01,21,D,MIN,71,3,14,17,21,8,5.8,3,0,0,1,11,2,1,95,3.2,1716,24:10,128,31,0,0,
Tanner Pearson\pearsta01,22,LW,LAK,42,12,4,16,14,14,2.8,11,1,0,3,4,0,0,68,17.6,558,13:18,9,46,5,2,71.4
Zack Kassian\kassiza01,24,RW,VAN,42,10,6,16,-5,81,1.8,9,1,0,3,6,0,0,55,18.2,530,12:37,2,88,0,6,0.0
Vladislav Namestnikov\namesvl01,22,C,TBL,43,9,7,16,1,13,1.9,8,1,0,3,6,1,0,46,19.6,516,12:00,13,41,67,84,44.4
Taylor Beck\beckta01,23,LW,NSH,62,8,8,16,-4,18,1.2,6,2,0,3,8,0,0,78,10.3,740,11:56,23,61,5,5,50.0
Mathew Dumba\dumbama01,20,D,MIN,58,8,8,16,13,23,4.7,6,2,0,2,4,4,0,86,9.3,871,15:01,51,42,0,0,
Matt Hendricks\hendrma01,33,LW,EDM,71,8,8,16,-14,76,0.7,7,0,1,0,7,1,0,103,7.8,934,13:09,72,220,98,100,49.5
Cal Clutterbuck\cluttca01,27,RW,NYI,76,7,9,16,1,60,0.8,5,0,2,4,7,1,1,124,5.6,967,12:44,31,343,6,3,66.7
Johan Larsson\larssjo02,22,LW,BUF,39,6,10,16,0,12,1.6,5,1,0,0,7,3,0,50,12.0,566,14:31,19,59,150,191,44.0
Mike Richards\richami02,29,C,LAK,53,5,11,16,-10,39,0.8,4,1,0,1,9,2,0,63,7.9,708,13:22,10,60,275,299,47.9
Jordie Benn\bennjo01,27,D,DAL,73,2,14,16,-5,34,2.1,2,0,0,0,11,2,1,70,2.9,1319,18:04,121,92,0,1,0.0
David Clarkson\clarkda03,30,RW,TOT,61,10,5,15,-12,106,1.0,9,1,0,1,5,0,0,95,10.5,842,13:48,19,133,25,48,34.2
Jordin Tootoo\tootojo01,31,RW,NJD,68,10,5,15,1,72,1.8,9,1,0,1,5,0,0,75,13.3,711,10:27,8,132,1,0,100.0
R.J. Umberger\umberrj01,32,LW,PHI,67,9,6,15,-9,19,0.7,7,2,0,0,6,0,0,96,9.4,926,13:49,40,114,9,13,40.9
Chris VandeVelde\vandech01,27,C,PHI,72,9,6,15,-6,28,0.9,9,0,0,0,6,0,0,70,12.9,845,11:44,46,121,21,35,37.5
Scottie Upshall\upshasc01,31,LW,FLA,63,8,7,15,-8,28,0.9,8,0,0,2,6,1,0,93,8.6,799,12:41,27,128,34,31,52.3
Brad Malone\malonbr01,25,C,CAR,65,7,8,15,-8,74,1.3,7,0,0,2,8,0,0,65,10.8,660,10:09,16,162,30,19,61.2
Kyle Clifford\cliffky01,24,LW,LAK,80,6,9,15,5,87,1.2,6,0,0,1,9,0,0,117,5.1,859,10:44,14,200,2,4,33.3
Curtis Lazar\lazarcu01,19,C,OTT,67,6,9,15,1,14,0.8,6,0,0,0,9,0,0,92,6.5,864,12:54,40,167,129,144,47.3
Nicolas Deslauriers\deslani01,23,LW,BUF,82,5,10,15,-24,71,-0.2,5,0,0,1,9,0,1,76,6.6,973,11:52,36,261,0,1,0.0
Jonathan Ericsson\ericsjo01,30,D,DET,82,3,12,15,-5,70,2.9,3,0,0,0,11,0,1,82,3.7,1606,19:35,55,114,0,0,
Fedor Tyutin\tyutife01,31,D,CBJ,67,3,12,15,8,40,3.5,3,0,0,0,9,1,2,56,5.4,1335,19:55,117,106,0,0,
Nikita Zadorov\zadorni01,19,D,BUF,60,3,12,15,-10,51,2.6,1,2,0,1,9,3,0,52,5.8,1062,17:42,73,134,1,0,100.0
Nate Guenin\guenina01,32,D,COL,76,2,13,15,-1,32,3.0,2,0,0,0,13,0,0,38,5.3,1280,16:51,162,94,0,0,
Barret Jackman\jackmba01,33,D,STL,80,2,13,15,3,47,3.3,2,0,0,1,12,0,1,86,2.3,1345,16:49,126,108,0,0,
Nick Schultz\schulni01,32,D,PHI,80,2,13,15,2,47,3.3,2,0,0,1,12,1,0,69,2.9,1524,19:03,166,113,0,0,
Matt Martin\martima02,25,LW,NYI,78,8,6,14,-4,114,0.7,8,0,0,2,6,0,0,90,8.9,879,11:16,36,382,5,5,50.0
Erik Haula\haulaer01,23,C,MIN,72,7,7,14,-7,32,0.6,6,1,0,1,6,0,1,92,7.6,875,12:09,42,31,260,307,45.9
Andrej Meszaros\meszaan01,29,D,BUF,60,7,7,14,-13,36,2.7,6,1,0,1,7,0,0,67,10.4,1074,17:54,94,67,0,0,
Ben Smith\smithbe01,26,RW,TOT,80,7,7,14,2,2,0.7,7,0,0,1,7,0,0,92,7.6,1044,13:03,75,72,310,284,52.2
Chris Thorburn\thorbch01,31,RW,WPG,81,7,7,14,-5,76,1.0,7,0,0,2,7,0,0,67,10.4,655,8:05,29,127,37,20,64.9
Rene Bourque\bourqre01,33,RW,TOT,51,6,8,14,-15,22,0.5,4,2,0,1,7,1,0,85,7.1,644,12:38,11,71,4,6,40.0
Jesper Fast\fastje01,23,RW,NYR,58,6,8,14,-1,8,1.0,6,0,0,0,7,1,0,52,11.5,685,11:48,28,101,6,14,30.0
Tyler Kennedy\kennety01,28,C,TOT,38,6,8,14,-2,10,1.4,6,0,0,2,8,0,0,79,7.6,424,11:10,8,49,13,15,46.4
Torrey Mitchell\mitchto01,30,C,TOT,65,6,8,14,-8,34,0.5,6,0,0,2,8,0,0,55,10.9,923,14:12,61,58,399,415,49.0
Nicklas Grossmann\grossni01,30,D,PHI,68,5,9,14,8,32,3.7,5,0,0,0,9,0,0,43,11.6,1201,17:39,89,132,0,0,
Martin Havlat\havlama01,33,RW,NJD,40,5,9,14,-11,10,0.8,2,3,0,1,6,3,0,49,10.2,592,14:48,11,11,0,0,
Nick Holden\holdeni01,27,D,COL,78,5,9,14,-11,28,2.6,3,2,0,2,5,4,0,94,5.3,1545,19:48,96,156,0,0,
Kevin Bieksa\biekske01,33,D,VAN,60,4,10,14,0,77,3.0,4,0,0,1,8,1,1,99,4.0,1250,20:50,93,109,0,0,
Kyle Chipchura\chipcky01,28,C,ARI,70,4,10,14,-23,82,-0.3,3,1,0,0,10,0,0,81,4.9,938,13:24,29,130,473,439,51.9
Paul Gaustad\gaustpa01,32,C,NSH,73,4,10,14,7,60,0.7,4,0,0,1,10,0,0,54,7.4,908,12:26,58,143,619,478,56.4
Christian Ehrhoff\ehrhoch01,32,D,PIT,49,3,11,14,8,26,3.7,3,0,0,3,9,2,0,110,2.7,1066,21:46,49,73,0,0,
Alexei Emelin\emelial01,28,D,MTL,68,3,11,14,5,59,3.7,3,0,0,0,11,0,0,43,7.0,1348,19:49,116,204,0,0,
Andrew Ference\ferenan01,35,D,EDM,70,3,11,14,-17,39,1.9,3,0,0,0,10,0,1,58,5.2,1321,18:53,86,156,0,2,0.0
David Rundblad\rundbda01,24,D,CHI,49,3,11,14,17,12,4.0,3,0,0,1,10,1,0,58,5.2,627,12:48,38,23,0,0,
Luke Schenn\schenlu01,25,D,PHI,58,3,11,14,-2,18,2.5,3,0,0,0,11,0,0,67,4.5,1048,18:04,89,194,0,0,
Dennis Seidenberg\seidede01,33,D,BOS,82,3,11,14,-1,34,3.5,3,0,0,0,11,0,0,103,2.9,1812,22:06,146,212,0,0,
Ben Lovejoy\lovejbe01,30,D,TOT,60,2,12,14,-4,25,2.2,2,0,0,0,10,0,2,86,2.3,1166,19:26,105,170,0,0,
Jonathon Merrill\merrijo01,22,D,NJD,66,2,12,14,-14,24,2.4,0,2,0,0,9,2,1,47,4.3,1357,20:33,89,59,0,0,
Mark Stuart\stuarma01,30,D,WPG,70,2,12,14,5,69,3.2,2,0,0,1,10,0,2,51,3.9,1345,19:13,142,166,0,1,0.0
Sergei Gonchar\gonchse01,40,D,TOT,48,1,13,14,6,18,3.0,1,0,0,0,9,4,0,46,2.2,849,17:41,71,45,1,0,100.0
Michael Grabner\grabnmi01,27,RW,NYI,34,8,5,13,4,4,1.7,8,0,0,0,5,0,0,63,12.7,440,12:56,21,62,0,2,0.0
David Booth\boothda01,30,LW,TOR,59,7,6,13,-8,25,0.8,7,0,0,2,5,0,1,107,6.5,705,11:56,8,87,6,7,46.2
Mark Letestu\letesma01,29,C,CBJ,54,7,6,13,-9,0,0.6,6,0,1,1,5,1,0,63,11.1,720,13:20,24,51,319,284,52.9
Tuomo Ruutu\ruututu01,31,RW,NJD,77,7,6,13,-3,28,0.9,7,0,0,0,6,0,0,74,9.5,837,10:52,23,174,4,5,44.4
Boyd Gordon\gordobo01,31,C,EDM,68,6,7,13,-5,17,0.5,4,1,1,1,6,0,1,65,9.2,906,13:20,80,31,681,526,56.4
Cody Hodgson\hodgsco01,24,C,BUF,78,6,7,13,-28,12,-0.6,6,0,0,0,6,1,0,127,4.7,1002,12:51,21,40,173,204,45.9
Daniel Paille\paillda01,30,LW,BOS,71,6,7,13,-9,12,0.3,5,0,1,1,6,0,1,66,9.1,817,11:31,34,77,2,5,28.6
Stephen Gionta\giontst01,31,RW,NJD,61,5,8,13,4,12,1.0,5,0,0,1,6,0,2,84,6.0,804,13:11,41,94,155,239,39.3
Jakub Kindl\kindlja01,27,D,DET,35,5,8,13,2,22,2.7,3,2,0,0,3,5,0,54,9.3,557,15:55,25,31,0,0,
Drew Miller\milledr01,30,LW,DET,82,5,8,13,-3,25,0.1,4,0,1,0,7,1,0,98,5.1,1102,13:26,99,119,6,13,31.6
Jim Slater\slateji01,32,C,WPG,82,5,8,13,-4,58,0.6,5,0,0,1,7,0,1,51,9.8,755,9:13,52,136,451,305,59.7
Erik Gudbranson\gudbrer01,23,D,FLA,76,4,9,13,-4,58,2.9,4,0,0,0,5,4,0,110,3.6,1414,18:36,75,212,0,0,
Ryan Murphy\murphry01,21,D,CAR,37,4,9,13,-11,8,2.2,1,3,0,1,7,2,0,61,6.6,677,18:17,37,20,0,0,
Brendan Smith\smithbr05,25,D,DET,76,4,9,13,-2,68,2.9,4,0,0,1,7,2,0,88,4.5,1360,17:53,68,60,0,0,
Gabriel Bourque\bourqga01,24,LW,NSH,69,3,10,13,-13,10,-0.2,3,0,0,0,10,0,0,76,3.9,829,12:01,44,141,3,3,50.0
Ryan Carter\cartery01,31,C,MIN,53,3,10,13,3,55,1.1,2,0,1,0,10,0,0,47,6.4,535,10:05,30,77,29,40,42.0
Robyn Regehr\regehro01,34,D,LAK,67,3,10,13,10,45,4.0,3,0,0,0,9,0,1,63,4.8,1362,20:20,83,203,0,0,
Brad Stuart\stuarbr02,35,D,COL,65,3,10,13,-4,16,2.7,3,0,0,0,9,1,0,64,4.7,1323,20:21,134,177,1,0,100.0
Patrick Wiercioch\wiercpa01,24,D,OTT,56,3,10,13,3,28,2.7,2,1,0,2,6,4,0,79,3.8,1011,18:03,44,50,0,0,
Jay Bouwmeester\bouwmja01,31,D,STL,72,2,11,13,7,24,3.7,2,0,0,0,7,4,0,92,2.2,1632,22:40,99,42,0,0,
Jan Hejda\hejdaja01,36,D,COL,81,1,12,13,-12,42,2.1,1,0,0,0,11,0,1,84,1.2,1673,20:39,140,170,0,0,
Michal Rozsival\rozsimi01,36,D,CHI,65,1,12,13,0,22,2.7,1,0,0,0,12,0,0,56,1.8,1106,17:01,87,103,0,0,
Andrej Sustr\sustran01,24,D,TBL,72,0,13,13,10,34,2.8,0,0,0,0,12,1,0,55,0.0,1275,17:42,84,39,0,0,
Daniel Briere\brierda01,37,C,COL,57,8,4,12,-7,18,0.8,8,0,0,3,4,0,0,69,11.6,691,12:07,9,19,13,11,54.2
Matt Fraser\frasema02,24,RW,TOT,60,8,4,12,-16,17,0.5,7,1,0,1,4,0,0,92,8.7,673,11:13,20,111,3,4,42.9
Cody McLeod\mcleoco01,30,LW,COL,82,7,5,12,-2,191,0.5,6,0,1,2,5,0,0,94,7.4,917,11:11,43,268,1,8,11.1
Eric Nystrom\nystrer01,31,LW,NSH,60,7,5,12,0,15,0.8,6,0,1,1,5,0,0,60,11.7,792,13:12,29,104,4,8,33.3
Pierre-Edouard Bellemare\bellepi01,29,LW,PHI,81,6,6,12,-3,18,0.1,6,0,0,1,6,0,0,113,5.3,1039,12:50,61,121,360,395,47.7
Gregory Campbell\campbgr01,31,C,BOS,70,6,6,12,1,45,0.6,5,0,1,2,6,0,0,64,9.4,849,12:08,41,119,339,287,54.2
Ryan Reaves\reavery01,28,RW,STL,81,6,6,12,-3,116,0.7,6,0,0,1,6,0,0,55,10.9,690,8:31,14,276,0,0,
Ryan White\whitery01,26,C,PHI,34,6,6,12,4,30,1.5,6,0,0,1,5,0,1,45,13.3,399,11:43,14,108,65,58,52.8
Patrick Dwyer\dwyerpa01,31,RW,CAR,71,5,7,12,-12,10,0.2,5,0,0,0,6,0,1,77,6.5,907,12:46,38,145,5,14,26.3
Beau Bennett\bennebe01,23,RW,PIT,49,4,8,12,-1,16,0.8,4,0,0,1,8,0,0,81,4.9,612,12:29,13,68,0,2,0.0
Tom Gilbert\gilbeto01,32,D,MTL,72,4,8,12,10,30,4.0,4,0,0,0,8,0,0,70,5.7,1392,19:20,164,55,0,0,
Barclay Goodrow\goodrba01,21,RW,SJS,60,4,8,12,-1,35,0.6,4,0,0,2,7,0,1,68,5.9,664,11:04,24,76,12,11,52.2
Ronalds Kenins\keninro01,23,LW,VAN,30,4,8,12,-2,8,1.1,4,0,0,0,8,0,0,38,10.5,368,12:16,7,71,0,0,
Zbynek Michalek\michazb01,32,D,TOT,68,4,8,12,-3,18,3.4,4,0,0,0,8,0,0,86,4.7,1412,20:46,160,85,0,0,
Dave Moss\mossda01,33,RW,ARI,60,4,8,12,-18,24,-0.1,3,1,0,0,6,1,1,96,4.2,775,12:55,36,115,6,7,46.2
Dennis Everberg\everbde01,23,RW,COL,55,3,9,12,-7,10,0.3,3,0,0,0,9,0,0,62,4.8,649,11:48,41,73,0,3,0.0
Steve Ott\ottst01,32,C,STL,78,3,9,12,-8,86,-0.2,3,0,0,0,9,0,0,49,6.1,907,11:38,14,182,159,121,56.8
Carl Gunnarsson\gunnaca01,28,D,STL,61,2,10,12,10,2,3.4,2,0,0,0,9,1,0,54,3.7,1102,18:04,114,42,0,0,
Andrew MacDonald\macdoan01,28,D,PHI,58,2,10,12,-5,41,2.0,1,1,0,0,6,4,0,62,3.2,1161,20:01,86,35,0,0,
Calvin de Haan\dehaaca01,23,D,NYI,65,1,11,12,3,24,2.3,0,0,1,0,10,1,0,92,1.1,1236,19:01,130,140,0,0,
Eric Gryba\grybaer01,26,D,OTT,75,0,12,12,11,97,3.0,0,0,0,0,12,0,0,64,0.0,1174,15:39,58,171,0,0,
Pascal Dupuis\dupuipa01,35,RW,PIT,16,6,5,11,2,4,1.6,4,2,0,1,3,1,1,44,13.6,266,16:39,8,20,1,0,100.0
Jacob Josefson\josefja01,23,C,NJD,62,6,5,11,0,24,0.8,3,0,3,1,3,2,0,61,9.8,771,12:26,31,57,289,302,48.9
Derek MacKenzie\mackede01,33,C,FLA,82,5,6,11,-17,45,-0.6,4,1,0,0,6,0,0,72,6.9,1021,12:27,51,273,543,479,53.1
Eric Brewer\breweer01,35,D,TOT,44,3,8,11,-5,36,1.7,3,0,0,1,7,0,1,33,9.1,822,18:41,72,87,0,0,
Luca Sbisa\sbisalu01,25,D,VAN,76,3,8,11,-8,46,2.0,3,0,0,2,8,0,0,79,3.8,1427,18:47,128,151,0,0,
Ryan Stanton\stantry01,25,D,VAN,54,3,8,11,9,35,3.0,3,0,0,0,8,0,0,59,5.1,864,16:00,113,93,0,0,
Deryk Engelland\engelde01,32,D,CGY,76,2,9,11,-16,53,1.0,2,0,0,0,8,0,1,51,3.9,1093,14:23,142,135,0,0,
Matt Hunwick\hunwima01,29,D,NYR,55,2,9,11,17,16,3.3,2,0,0,1,7,2,0,72,2.8,870,15:49,43,55,0,0,
Maxim Lapierre\lapiema01,29,C,TOT,80,2,9,11,-15,32,-0.6,2,0,0,0,9,0,0,86,2.3,857,10:43,36,151,307,273,52.9
John Moore\moorejo01,24,D,TOT,57,2,9,11,-4,30,1.8,2,0,0,0,5,4,0,77,2.6,929,16:18,52,77,0,0,
Mark Borowiecki\borowma01,25,D,OTT,63,1,10,11,15,107,3.3,1,0,0,0,10,0,0,30,3.3,1002,15:55,102,233,0,0,
Braydon Coburn\coburbr01,29,D,TOT,43,1,10,11,2,25,2.2,1,0,0,0,10,0,0,46,2.2,857,19:56,66,62,0,0,
Marc Methot\methoma01,29,D,OTT,45,1,10,11,22,18,3.9,1,0,0,0,10,0,0,49,2.0,1020,22:40,70,94,0,1,0.0
Seth Griffith\griffse01,22,C,BOS,30,6,4,10,-2,6,1.0,5,1,0,1,2,2,0,33,18.2,403,13:27,13,14,3,6,33.3
Andrew Desjardins\desjaan01,28,C,TOT,69,5,5,10,-1,57,0.4,5,0,0,1,5,0,0,59,8.5,741,10:44,33,123,139,156,47.1
Emerson Etem\etemem01,22,LW,ANA,45,5,5,10,-6,4,0.4,5,0,0,0,5,0,0,77,6.5,551,12:15,20,63,2,2,50.0
Matt Cooke\cookema01,36,LW,MIN,29,4,6,10,0,13,1.0,4,0,0,0,6,0,0,24,16.7,365,12:36,22,39,3,6,33.3
Olli Jokinen\jokinol01,36,C,TOT,62,4,6,10,6,28,0.4,4,0,0,1,6,0,0,110,3.6,822,13:16,19,64,133,196,40.4
Joakim Lindstrom\lindsjo01,31,C,TOT,53,4,6,10,-15,12,0.0,2,2,0,0,3,3,0,61,6.6,576,10:53,5,14,7,16,30.4
Nikita Nikitin\nikitni01,28,D,EDM,42,4,6,10,-12,12,1.5,2,2,0,1,5,1,0,80,5.0,825,19:38,49,21,0,0,
Dainius Zubrus\zubruda01,36,C,NJD,74,4,6,10,-9,42,-0.4,4,0,0,1,4,1,1,72,5.6,1085,14:40,40,97,34,47,42.0
Brett Bellemore\bellebr01,26,D,CAR,49,2,8,10,1,27,2.9,2,0,0,1,8,0,0,26,7.7,802,16:23,54,148,0,0,
Brenden Dillon\dillobr01,24,D,TOT,80,2,8,10,-13,77,1.4,1,0,1,1,7,0,1,91,2.2,1566,19:34,139,154,0,0,
Christian Folin\folinch01,23,D,MIN,40,2,8,10,3,13,2.2,2,0,0,0,7,1,0,39,5.1,608,15:12,42,46,0,0,
Ron Hainsey\hainsro01,33,D,CAR,81,2,8,10,-14,16,3.2,2,0,0,0,7,1,0,83,2.4,1709,21:06,120,110,1,0,100.0
Johnny Oduya\oduyajo01,33,D,CHI,76,2,8,10,5,26,3.3,2,0,0,0,8,0,0,76,2.6,1542,20:17,123,69,0,0,
Viktor Stalberg\stalbvi01,29,LW,NSH,25,2,8,10,0,18,0.8,2,0,0,1,8,0,0,27,7.4,297,11:53,10,54,1,0,100.0
Rob Scuderi\scudero01,36,D,PIT,82,1,9,10,9,17,3.6,1,0,0,0,8,0,1,52,1.9,1570,19:09,110,41,0,0,
Victor Bartley\bartlvi01,26,D,NSH,37,0,10,10,1,26,1.6,0,0,0,0,10,0,0,28,0.0,497,13:26,53,77,0,0,
Jyrki Jokipakka\jokipjy01,23,D,DAL,51,0,10,10,-2,8,1.3,0,0,0,0,10,0,0,40,0.0,842,16:31,66,42,0,0,
Jordan Nolan\nolanjo01,25,C,LAK,60,6,3,9,-6,54,0.4,6,0,0,1,3,0,0,44,13.6,598,9:58,11,102,1,5,16.7
Brett Ritchie\ritchbr01,21,RW,DAL,31,6,3,9,-1,12,0.8,6,0,0,1,2,1,0,78,7.7,434,13:59,5,89,1,3,25.0
Rob Klinkhammer\klinkro01,28,C,TOT,69,5,4,9,-4,27,0.2,5,0,0,0,4,0,0,64,7.8,774,11:13,12,236,10,27,27.0
Roman Polak\polakro01,28,D,TOR,56,5,4,9,-22,48,0.8,5,0,0,1,4,0,0,61,8.2,1181,21:05,128,225,1,0,100.0
Teuvo Teravainen\teravte01,20,LW,CHI,34,4,5,9,4,2,0.9,4,0,0,1,4,1,0,66,6.1,435,12:47,14,11,29,33,46.8
J.T. Brown\brownjt01,24,RW,TBL,52,3,6,9,-2,30,0.2,3,0,0,0,6,0,0,74,4.1,552,10:36,21,44,6,7,46.2
Chris Butler\butlech01,28,D,STL,33,3,6,9,8,23,2.5,2,0,1,0,6,0,0,54,5.6,567,17:11,38,31,0,0,
Jared Cowen\cowenja01,24,D,OTT,54,3,6,9,-11,45,1.0,3,0,0,1,6,0,0,47,6.4,980,18:09,76,159,0,0,
Marcel Goc\gocma01,31,C,TOT,74,3,6,9,-3,8,-0.2,3,0,0,0,5,0,1,77,3.9,864,11:41,35,87,372,309,54.6
Matt Greene\greenma01,31,D,LAK,82,3,6,9,1,54,2.7,3,0,0,0,6,0,0,69,4.3,1296,15:48,129,209,0,0,
Jay Harrison\harrija01,32,D,TOT,55,3,6,9,-1,65,2.3,2,1,0,0,5,1,0,50,6.0,876,15:56,76,77,0,0,
Jamie McBain\mcbaija02,26,D,LAK,26,3,6,9,4,4,2.0,2,1,0,0,4,2,0,18,16.7,330,12:41,28,21,0,0,
Travis Moen\moentr01,32,LW,TOT,44,3,6,9,0,18,0.6,3,0,0,0,6,0,0,34,8.8,413,9:23,24,62,0,4,0.0
Joe Vitale\vitaljo01,29,C,ARI,70,3,6,9,-11,36,-0.2,3,0,0,0,6,0,0,55,5.5,786,11:14,65,104,354,373,48.7
Leon Draisaitl\draisle01,19,C,EDM,37,2,7,9,-17,4,-0.2,1,1,0,1,6,1,0,49,4.1,470,12:42,8,21,128,182,41.3
Nathan Beaulieu\beaulna01,22,D,MTL,64,1,8,9,6,45,2.6,1,0,0,0,6,2,0,62,1.6,1005,15:42,69,50,0,0,
Andre Benoit\benoian01,31,D,BUF,59,1,8,9,-19,20,1.0,0,0,1,0,7,1,0,45,2.2,1069,18:08,98,38,0,0,
Tim Gleason\gleasti01,32,D,TOT,72,1,8,9,-13,55,1.9,1,0,0,0,8,0,0,54,1.9,1176,16:20,108,167,0,0,
Olli Maatta\maattol01,20,D,PIT,20,1,8,9,1,10,1.6,1,0,0,0,6,2,0,27,3.7,414,20:43,33,18,0,0,
Cody Goloubef\golouco01,25,D,CBJ,36,0,9,9,12,19,2.4,0,0,0,0,8,0,1,23,0.0,560,15:34,32,44,0,0,
Adam Pardy\pardyad01,30,D,WPG,55,0,9,9,9,40,2.4,0,0,0,0,8,0,1,29,0.0,826,15:01,61,75,0,0,
Jack Skille\skillja01,27,RW,CBJ,45,6,2,8,-18,16,-0.2,6,0,0,0,2,0,0,95,6.3,564,12:31,15,96,3,5,37.5
Teemu Pulkkinen\pulkkte01,23,LW,DET,31,5,3,8,5,10,1.1,4,1,0,2,2,1,0,67,7.5,356,11:29,4,3,0,0,
Daniel Carcillo\carcida01,30,LW,CHI,39,4,4,8,3,54,1.0,4,0,0,0,4,0,0,42,9.5,319,8:11,7,36,0,1,0.0
Joakim Andersson\anderjo03,25,C,DET,68,3,5,8,-4,22,-0.3,3,0,0,1,5,0,0,74,4.1,791,11:38,24,27,192,183,51.2
Robert Bortuzzo\borturo01,25,D,TOT,51,3,5,8,-9,93,1.2,3,0,0,0,5,0,0,56,5.4,771,15:07,61,157,1,0,100.0
Matt Halischuk\halisma01,26,RW,WPG,47,3,5,8,5,6,0.7,3,0,0,1,5,0,0,59,5.1,458,9:45,25,55,1,0,100.0
Willie Mitchell\mitchwi01,37,D,FLA,66,3,5,8,1,25,2.7,3,0,0,0,4,0,1,78,3.8,1431,21:41,144,99,0,0,
Brenden Morrow\morrobr01,36,LW,TBL,70,3,5,8,-1,64,-0.1,3,0,0,0,5,0,0,28,10.7,653,9:20,16,113,0,0,
Jordan Schroeder\schrojo01,24,C,MIN,25,3,5,8,9,2,1.2,3,0,0,0,5,0,0,48,6.3,271,10:51,6,24,0,0,
Ben Chiarot\chiarbe01,23,D,WPG,40,2,6,8,5,22,2.1,2,0,0,0,6,0,0,37,5.4,681,17:01,52,71,0,0,
Carlo Colaiacovo\colaica01,32,D,PHI,33,2,6,8,0,10,1.5,2,0,0,0,4,2,0,42,4.8,544,16:29,33,46,0,0,
Mark Fayne\faynema01,27,D,EDM,74,2,6,8,-21,14,0.8,2,0,0,0,4,0,2,78,2.6,1327,17:56,125,81,0,0,
Tomas Kopecky\kopecto01,32,RW,FLA,64,2,6,8,-19,28,-1.1,2,0,0,1,6,0,0,106,1.9,826,12:54,22,88,3,1,75.0
Colin McDonald\mcdonco01,30,RW,NYI,18,2,6,8,-3,0,0.7,2,0,0,0,6,0,0,29,6.9,189,10:30,6,72,2,2,50.0
Dylan Olsen\olsendy01,24,D,FLA,44,2,6,8,-7,20,1.2,2,0,0,0,5,1,0,44,4.5,700,15:54,52,77,0,0,
Matt Tennyson\tennyma01,24,D,SJS,27,2,6,8,0,16,1.5,1,1,0,0,4,1,1,37,5.4,474,17:34,34,48,0,0,
Jamie Oleksiak\oleksja01,22,D,DAL,36,1,7,8,0,8,1.2,1,0,0,0,7,0,0,36,2.8,482,13:24,46,82,0,0,
Clayton Stoner\stonecl01,29,D,ANA,69,1,7,8,-2,68,1.4,1,0,0,1,7,0,0,68,1.5,1217,17:39,84,128,0,0,
Corey Tropp\troppco01,25,RW,CBJ,61,1,7,8,-14,76,-0.6,1,0,0,0,7,0,0,22,4.5,534,8:45,28,80,1,1,50.0
Dalton Prout\proutda01,24,D,CBJ,63,0,8,8,-14,85,0.4,0,0,0,0,8,0,0,64,0.0,1160,18:25,84,166,0,0,
Tim Jackman\jackmti01,33,RW,ANA,55,5,2,7,-4,86,0.3,5,0,0,1,2,0,0,55,9.1,461,8:23,19,110,10,4,71.4
Connor Murphy\murphco02,21,D,ARI,73,4,3,7,-27,42,0.6,4,0,0,0,3,0,0,72,5.6,1226,16:48,142,137,0,1,0.0
Chris Neil\neilch01,35,RW,OTT,38,4,3,7,5,78,0.8,3,1,0,0,3,0,0,23,17.4,370,9:44,11,136,3,2,60.0
Craig Cunningham\cunnicr01,24,RW,TOT,51,3,4,7,-7,4,0.0,2,0,1,0,4,0,0,54,5.6,534,10:28,31,107,69,66,51.1
Damien Brunner\brunnda01,28,C,NJD,17,2,5,7,-1,8,0.6,2,0,0,0,1,4,0,29,6.9,258,15:09,3,7,2,2,50.0
Marc-Andre Cliche\clichma01,27,C,COL,74,2,5,7,-2,17,-0.4,2,0,0,0,5,0,0,68,2.9,785,10:36,28,27,377,358,51.3
Tim Erixon\erixoti01,23,D,TOT,42,2,5,7,-7,14,0.9,1,1,0,0,1,4,0,36,5.6,639,15:13,32,34,0,0,
Scott Hannan\hannasc01,36,D,SJS,58,2,5,7,0,26,1.8,2,0,0,0,5,0,0,53,3.8,946,16:19,69,32,0,0,
Tye McGinn\mcginty01,24,LW,TOT,51,2,5,7,0,21,0.2,2,0,0,0,5,0,0,60,3.3,515,10:06,17,71,1,1,50.0
Kevan Miller\milleke03,27,D,BOS,41,2,5,7,20,15,3.4,2,0,0,1,5,0,0,37,5.4,739,18:02,60,87,0,0,
Nikita Nesterov\nesteni01,21,D,TBL,27,2,5,7,6,16,1.7,1,1,0,0,4,1,0,44,4.5,433,16:03,18,43,0,0,
Derrick Pouliot\poulide01,21,D,PIT,34,2,5,7,-11,4,0.6,1,1,0,2,2,3,0,56,3.6,597,17:33,20,15,0,0,
Nate Prosser\prossna01,28,D,MIN,63,2,5,7,-1,32,1.7,2,0,0,1,5,0,0,38,5.3,806,12:48,102,34,0,0,
Brian Strait\straibr01,27,D,NYI,52,2,5,7,-1,32,1.4,2,0,0,0,4,0,1,59,3.4,955,18:22,85,124,0,1,0.0
Craig Adams\adamscr01,37,RW,PIT,70,1,6,7,-1,44,-0.3,1,0,0,1,5,0,1,51,2.0,682,9:45,29,183,17,23,42.5
Mark Barberio\barbema01,24,D,TBL,52,1,6,7,-4,16,0.9,1,0,0,0,6,0,0,53,1.9,873,16:47,46,35,0,0,
Anthony Duclair\duclaan01,19,LW,NYR,18,1,6,7,4,4,0.7,1,0,0,0,5,1,0,18,5.6,219,12:09,5,6,0,0,
Adam McQuaid\mcquaad01,28,D,BOS,63,1,6,7,-2,85,1.8,1,0,0,0,6,0,0,60,1.7,1161,18:26,91,141,0,1,0.0
Stephane Robidas\robidst01,37,D,TOR,52,1,6,7,8,34,2.5,1,0,0,0,5,0,1,34,2.9,888,17:04,75,141,0,0,
Nick Shore\shoreni01,22,C,LAK,34,1,6,7,0,10,0.3,1,0,0,0,5,1,0,33,3.0,377,11:05,14,51,127,109,53.8
Mike Weber\webermi01,27,D,BUF,64,1,6,7,-22,68,0.7,1,0,0,0,5,0,1,41,2.4,1200,18:45,168,172,0,0,
Anton Volchenkov\volchan01,32,D,NSH,46,0,7,7,4,14,1.6,0,0,0,0,7,0,0,35,0.0,606,13:11,48,93,0,0,
Jacob de La Rose\delarja01,19,LW,MTL,33,4,2,6,-5,12,0.2,3,0,1,0,2,0,0,38,10.5,455,13:48,24,71,64,96,40.0
Jamie McGinn\mcginja01,26,LW,COL,19,4,2,6,-9,6,0.3,3,1,0,0,2,0,0,36,11.1,281,14:46,7,29,1,0,100.0
Zach Boychuk\boychza01,25,LW,CAR,31,3,3,6,0,4,0.6,3,0,0,0,3,0,0,35,8.6,329,10:38,9,40,0,0,
B.J. Crombeen\crombbj01,29,RW,ARI,58,3,3,6,-6,79,0.1,3,0,0,0,3,0,0,43,7.0,469,8:06,12,68,1,0,100.0
Mikhail Grigorenko\grigomi01,20,C,BUF,25,3,3,6,-10,2,0.0,2,1,0,0,2,1,0,35,8.6,379,15:10,15,28,153,173,46.9
Sven Baertschi\baertsv01,22,LW,TOT,18,2,4,6,-3,10,0.5,2,0,0,0,4,0,0,15,13.3,174,9:41,7,8,0,0,
Michal Jordan\jordami01,24,D,CAR,38,2,4,6,-7,4,1.4,0,2,0,0,4,0,0,44,4.5,606,15:57,61,35,0,0,
Scott Laughton\laughsc01,20,C,PHI,31,2,4,6,-1,17,0.2,2,0,0,0,3,1,0,51,3.9,394,12:43,11,58,134,141,48.7
Jeremy Morin\morinje01,23,RW,TOT,43,2,4,6,1,28,0.2,2,0,0,0,4,0,0,73,2.7,439,10:12,5,45,2,3,40.0
Paul Postma\postmpa01,25,D,WPG,42,2,4,6,1,16,1.4,0,2,0,0,4,0,0,40,5.0,593,14:08,28,17,0,0,
Andrew Ebbett\ebbetan01,32,C,PIT,24,1,5,6,1,2,0.5,1,0,0,0,5,0,0,21,4.8,216,9:00,12,10,39,47,45.3
Tanner Glass\glassta01,31,LW,NYR,66,1,5,6,-12,98,-1.0,1,0,0,0,5,0,0,53,1.9,676,10:15,32,211,10,11,47.6
Andrew Miller\millean01,26,C,EDM,9,1,5,6,-2,0,0.5,1,0,0,0,5,0,0,14,7.1,124,13:45,6,7,1,1,50.0
Zac Rinaldo\rinalza01,24,C,PHI,58,1,5,6,-9,102,-0.5,1,0,0,0,5,0,0,45,2.2,517,8:55,20,216,1,2,33.3
Josh Gorges\gorgejo01,30,D,BUF,46,0,6,6,-28,16,-0.3,0,0,0,0,5,0,1,28,0.0,1029,22:22,148,75,0,0,
Korbinian Holzer\holzeko01,26,D,TOR,34,0,6,6,3,25,1.5,0,0,0,0,6,0,0,32,0.0,582,17:06,53,117,0,0,
Michael Latta\lattami01,23,C,WSH,53,0,6,6,4,68,0.1,0,0,0,0,6,0,0,24,0.0,444,8:23,14,91,160,175,47.8
Curtis McKenzie\mckencu01,23,LW,DAL,36,4,1,5,-8,48,-0.1,4,0,0,0,1,0,0,41,9.8,415,11:32,13,85,3,5,37.5
Michael Bournival\bournmi01,22,LW,MTL,29,3,2,5,3,4,0.7,3,0,0,1,2,0,0,27,11.1,229,7:53,10,26,4,1,80.0
Peter Harrold\harrope01,31,D,NJD,43,3,2,5,-10,4,0.9,3,0,0,0,2,0,0,31,9.7,655,15:15,39,40,0,0,
William Karlsson\karlswi01,22,C,TOT,21,3,2,5,3,0,0.6,3,0,0,1,1,1,0,29,10.3,257,12:14,7,18,93,104,47.2
Phil Varone\varonph01,24,C,BUF,28,3,2,5,-14,10,-0.3,3,0,0,0,2,0,0,28,10.7,376,13:27,22,30,147,179,45.1
Micheal Ferland\ferlami01,22,LW,CGY,26,2,3,5,1,16,0.3,2,0,0,1,2,1,0,34,5.9,274,10:31,11,71,0,0,
Radko Gudas\gudasra01,24,D,TBL,31,2,3,5,-5,34,0.6,2,0,0,1,3,0,0,63,3.2,527,17:00,63,115,0,0,
Lucas Lessio\lessilu01,22,LW,ARI,26,2,3,5,-10,8,-0.1,2,0,0,0,3,0,0,44,4.5,332,12:45,6,59,0,2,0.0
Trevor Smith\smithtr01,29,C,TOR,54,2,3,5,-9,12,-0.6,2,0,0,0,3,0,0,46,4.3,597,11:04,25,75,293,268,52.2
Jared Boll\bollja01,28,RW,CBJ,72,1,4,5,-13,109,-0.8,1,0,0,0,4,0,0,28,3.6,524,7:16,17,131,0,2,0.0
Brandon Bollig\bollibr01,28,LW,CGY,62,1,4,5,-9,88,-0.6,1,0,0,0,4,0,0,67,1.5,533,8:36,24,139,3,2,60.0
Michael Chaput\chapumi01,22,C,CBJ,33,1,4,5,-8,21,-0.3,1,0,0,0,4,0,0,23,4.3,337,10:12,20,59,143,151,48.6
Martin Marincin\marinma01,22,D,EDM,41,1,4,5,-4,16,1.2,1,0,0,0,4,0,0,38,2.6,765,18:39,59,17,1,0,100.0
Shawn Thornton\thornsh01,37,LW,FLA,46,1,4,5,-13,50,-0.6,1,0,0,0,4,0,0,53,1.9,441,9:35,5,93,3,9,25.0
Zach Trotman\trotmza01,24,D,BOS,27,1,4,5,-2,0,0.9,1,0,0,1,4,0,0,46,2.2,443,16:24,33,44,0,0,
Brian Gibbons\gibbobr02,26,C,CBJ,25,0,5,5,2,8,0.0,0,0,0,0,4,1,0,21,0.0,346,13:49,17,14,4,5,44.4
Jack Hillen\hilleja01,29,D,TOT,38,0,5,5,-1,10,0.9,0,0,0,0,5,0,0,24,0.0,489,12:52,53,38,0,0,
Tyson Strachan\stracty01,30,D,BUF,46,0,5,5,-30,44,-0.8,0,0,0,0,4,0,1,38,0.0,873,18:59,105,67,0,0,
Simon Gagne\gagnesi01,34,LW,BOS,23,3,1,4,0,4,0.3,3,0,0,1,1,0,0,27,11.1,260,11:18,7,20,1,8,11.1
John Scott\scottjo01,32,LW,SJS,38,3,1,4,0,87,0.3,3,0,0,0,1,0,0,19,15.8,283,7:27,14,94,0,0,
Raphael Diaz\diazra01,29,D,CGY,56,2,2,4,-3,10,1.0,1,1,0,1,2,0,0,52,3.8,673,12:01,67,24,0,0,
Brandon Gormley\gormlbr01,22,D,ARI,27,2,2,4,-7,10,0.7,1,1,0,0,2,0,0,39,5.1,414,15:19,32,26,0,0,
Jesse Joensuu\joensje01,27,LW,EDM,20,2,2,4,-8,14,0.0,1,0,1,0,2,0,0,18,11.1,213,10:38,9,37,0,0,
Steven Kampfer\kampfst01,26,D,FLA,25,2,2,4,-4,12,0.7,2,0,0,1,1,1,0,28,7.1,430,17:12,33,49,0,0,
Brandon Kozun\kozunbr01,24,RW,TOR,20,2,2,4,-3,6,0.3,2,0,0,0,2,0,0,8,25.0,158,7:55,4,21,1,1,50.0
Steve Pinizzotto\pinizst01,30,RW,EDM,18,2,2,4,1,30,0.5,2,0,0,0,2,0,0,15,13.3,143,7:56,2,32,0,0,
Adam Clendening\clendad01,22,D,TOT,21,1,3,4,2,10,1.0,0,1,0,0,1,2,0,17,5.9,349,16:38,22,9,0,0,
Ryane Clowe\clowery01,32,LW,NJD,13,1,3,4,-1,4,0.2,1,0,0,0,3,0,0,15,6.7,204,15:40,1,21,0,1,0.0
Klas Dahlbeck\dahlbkl01,23,D,TOT,23,1,3,4,-8,8,0.4,1,0,0,0,3,0,0,20,5.0,406,17:40,46,64,0,0,
Jordan Leopold\leopojo01,34,D,TOT,43,1,3,4,-6,19,0.5,0,1,0,0,3,0,0,39,2.6,642,14:55,50,33,0,0,
Manny Malhotra\malhoma01,34,C,MTL,58,1,3,4,-6,12,-0.8,1,0,0,1,3,0,0,46,2.2,629,10:51,62,37,537,367,59.4
Cody McCormick\mccorco01,31,C,BUF,33,1,3,4,-9,40,-0.4,0,0,1,0,3,0,0,31,3.2,387,11:43,29,77,147,144,50.5
Brandon McMillan\mcmilbr01,24,C,TOT,58,1,3,4,-19,16,-1.2,1,0,0,0,3,0,0,51,2.0,607,10:28,23,91,10,13,43.5
Mirco Mueller\muellmi01,19,D,SJS,39,1,3,4,-8,10,0.4,1,0,0,0,3,0,0,31,3.2,661,16:58,58,49,0,0,
David Schlemko\schleda01,27,D,TOT,44,1,3,4,1,12,1.4,1,0,0,0,1,2,0,45,2.2,675,15:20,85,45,0,0,
Nate Schmidt\schmina01,23,D,WSH,39,1,3,4,-2,10,0.8,1,0,0,0,3,0,0,40,2.5,542,13:53,33,34,0,0,
Zach Sill\sillza01,26,C,TOT,63,1,3,4,-5,84,-0.5,1,0,0,0,3,0,0,43,2.3,528,8:23,27,173,46,47,49.5
Matt Bartkowski\bartkma01,26,D,BOS,47,0,4,4,-6,37,0.7,0,0,0,0,4,0,0,67,0.0,796,16:56,24,88,0,0,
Grant Clitsome\clitsgr01,29,D,WPG,24,0,4,4,4,8,1.1,0,0,0,0,4,0,0,22,0.0,393,16:22,20,46,0,0,
Taylor Fedun\fedunta01,26,D,SJS,7,0,4,4,0,4,0.6,0,0,0,0,2,2,0,12,0.0,119,16:59,8,0,0,0,
Mark Fraser\frasema01,28,D,NJD,34,0,4,4,2,55,1.4,0,0,0,0,3,0,1,19,0.0,553,16:17,51,88,0,0,
Mike Weaver\weavemi01,36,D,MTL,31,0,4,4,0,6,0.9,0,0,0,0,4,0,0,8,0.0,439,14:10,61,35,0,0,
Andy Andreoff\andrean01,23,C,LAK,18,2,1,3,1,18,0.4,2,0,0,1,1,0,0,14,14.3,154,8:34,0,33,32,29,52.5
Sven Andrighetto\andrisv01,21,RW,MTL,12,2,1,3,0,0,0.4,2,0,0,0,1,0,0,12,16.7,113,9:25,4,5,3,12,20.0
Luke Gazdic\gazdilu01,25,LW,EDM,40,2,1,3,-4,43,-0.1,2,0,0,0,1,0,0,26,7.7,296,7:23,15,76,0,0,
Petteri Lindbohm\lindbpe02,21,D,STL,23,2,1,3,-1,26,0.8,2,0,0,0,1,0,0,32,6.3,358,15:34,22,26,0,0,
Xavier Ouellet\ouellxa01,21,D,DET,21,2,1,3,4,2,1.2,2,0,0,0,1,0,0,27,7.4,344,16:23,13,11,0,0,
Matt Puempel\puempma01,22,LW,OTT,13,2,1,3,6,8,0.6,2,0,0,0,1,0,0,14,14.3,104,8:02,1,9,0,1,0.0
Mark Pysyk\pysykma01,23,D,BUF,7,2,1,3,4,2,1.1,2,0,0,1,1,0,0,4,50.0,127,18:11,11,1,0,0,
Zack Smith\smithza01,26,C,OTT,37,2,1,3,-8,18,-0.6,2,0,0,0,1,0,0,38,5.3,445,12:02,13,64,103,128,44.6
Adam Burish\burisad01,32,RW,SJS,20,1,2,3,-6,33,-0.2,1,0,0,0,2,0,0,22,4.5,223,11:09,19,11,57,50,53.3
Cory Conacher\conacco01,25,C,NYI,15,1,2,3,-3,14,-0.1,1,0,0,0,2,0,0,23,4.3,202,13:29,7,19,1,2,33.3
Zac Dalpe\dalpeza01,25,C,BUF,21,1,2,3,-11,4,-0.3,1,0,0,0,2,0,0,29,3.4,195,9:17,8,15,20,13,60.6
Brad Hunt\huntbr01,26,D,EDM,11,1,2,3,-6,0,0.2,0,1,0,0,2,0,0,20,5.0,214,19:29,10,8,0,0,
Ryan Murray\murrary01,21,D,CBJ,12,1,2,3,1,8,0.7,0,1,0,0,2,0,0,8,12.5,227,18:55,11,5,0,0,
Iiro Pakarinen\pakarii01,23,RW,EDM,17,1,2,3,-4,2,0.0,1,0,0,0,0,2,0,34,2.9,172,10:08,3,51,1,0,100.0
Drew Shore\shoredr01,24,C,CGY,11,1,2,3,-5,0,0.0,1,0,0,0,2,0,0,13,7.7,117,10:40,4,12,33,32,50.8
Matt Donovan\donovma01,24,D,NYI,12,0,3,3,4,0,0.8,0,0,0,0,3,0,0,12,0.0,211,17:34,16,22,0,0,
Patrick Kaleta\kaletpa01,28,RW,BUF,42,0,3,3,-11,36,-0.7,0,0,0,0,2,0,1,25,0.0,372,8:52,25,88,3,5,37.5
Brandon Manning\mannibr01,24,D,PHI,11,0,3,3,3,7,0.7,0,0,0,0,3,0,0,10,0.0,189,17:10,13,19,0,0,
Josh Manson\mansojo01,23,D,ANA,28,0,3,3,1,31,0.7,0,0,0,0,3,0,0,26,0.0,516,18:26,24,44,0,0,
Patrik Nemeth\nemetpa01,22,D,DAL,22,0,3,3,0,6,0.5,0,0,0,0,3,0,0,16,0.0,357,16:13,21,28,0,0,
Joakim Nordstrom\nordsjo02,22,C,CHI,38,0,3,3,-5,4,-0.6,0,0,0,0,3,0,0,42,0.0,417,10:58,17,73,2,8,20.0
Stuart Percy\percyst01,21,D,TOR,9,0,3,3,-4,2,0.2,0,0,0,0,1,2,0,13,0.0,163,18:05,13,14,0,0,
Alex Petrovic\petroal01,22,D,FLA,33,0,3,3,-4,34,0.5,0,0,0,0,3,0,0,29,0.0,537,16:16,34,76,0,0,
Chris Phillips\phillch02,36,D,OTT,36,0,3,3,0,14,0.8,0,0,0,0,2,1,0,29,0.0,752,20:54,54,70,0,0,
Kerby Rychel\rycheke01,20,LW,CBJ,5,0,3,3,3,2,0.4,0,0,0,0,3,0,0,4,0.0,53,10:42,3,11,0,0,
Chris Summers\summech01,26,D,TOT,20,0,3,3,-12,8,-0.4,0,0,0,0,3,0,0,15,0.0,285,14:15,26,49,0,0,
Brett Sutter\suttebr04,27,C,MIN,6,0,3,3,1,4,0.3,0,0,0,0,3,0,0,6,0.0,56,9:19,1,16,0,0,
Eric Boulton\boulter01,38,LW,NYI,10,2,0,2,-1,30,0.3,2,0,0,0,0,0,0,9,22.2,72,7:12,4,10,0,0,
Tyler Pitlick\pitlity01,23,RW,EDM,17,2,0,2,-3,4,0.0,2,0,0,1,0,0,0,18,11.1,212,12:27,17,55,5,4,55.6
Sam Carrick\carrisa01,22,C,TOR,16,1,1,2,1,9,0.2,1,0,0,0,1,0,0,17,5.9,104,6:29,1,30,38,53,41.8
Dan Cleary\clearda01,36,RW,DET,17,1,1,2,-4,6,-0.1,1,0,0,0,1,0,0,17,5.9,155,9:08,9,21,2,2,50.0
Matt Ellis\ellisma01,33,LW,BUF,39,1,1,2,-12,4,-0.7,1,0,0,1,1,0,0,29,3.4,325,8:19,16,10,100,105,48.8
Justin Falk\falkju01,26,D,TOT,18,1,1,2,-9,14,-0.3,1,0,0,0,1,0,0,18,5.6,195,10:49,19,12,0,0,
Ryan Hamilton\hamilry01,29,LW,EDM,16,1,1,2,-8,6,-0.3,0,1,0,0,1,0,0,12,8.3,211,13:13,13,27,1,3,25.0
Joey Hishon\hishojo01,23,C,COL,13,1,1,2,-1,0,0.1,1,0,0,1,1,0,0,19,5.3,131,10:07,7,3,35,43,44.9
Alexey Marchenko\marchal01,23,D,DET,13,1,1,2,1,2,0.6,1,0,0,0,1,0,0,7,14.3,201,15:26,10,9,0,0,
Kael Mouillierat\mouilka01,27,LW,NYI,6,1,1,2,-3,8,0.1,1,0,0,0,1,0,0,1,100.0,52,8:41,3,8,16,18,47.1
Chris Mueller\muellch01,28,C,NYR,7,1,1,2,-1,0,0.2,0,1,0,0,1,0,0,10,10.0,73,10:27,1,3,38,26,59.4
Liam O'Brien\obrieli01,20,C,WSH,13,1,1,2,4,23,0.3,1,0,0,0,1,0,0,16,6.3,98,7:33,0,35,1,1,50.0
Anthony Peluso\pelusan01,25,RW,WPG,49,1,1,2,-3,86,-0.3,1,0,0,0,1,0,0,23,4.3,288,5:53,6,104,0,1,0.0
Chris Porter\portech01,30,LW,STL,24,1,1,2,-3,6,-0.2,1,0,0,1,1,0,0,24,4.2,229,9:33,1,63,4,5,44.4
Borna Rendulic\rendubo01,22,RW,COL,11,1,1,2,1,6,0.2,1,0,0,0,1,0,0,6,16.7,103,9:24,3,22,0,0,
Bryan Rust\rustbr01,22,RW,PIT,14,1,1,2,-3,4,-0.1,1,0,0,0,1,0,0,34,2.9,168,12:02,3,21,0,0,
Tim Schaller\schalti01,24,C,BUF,18,1,1,2,-5,2,-0.2,1,0,0,0,1,0,0,19,5.3,204,11:21,14,44,74,112,39.8
Stephane Veilleux\veillst01,33,LW,MIN,12,1,1,2,0,10,0.2,1,0,0,1,1,0,0,9,11.1,92,7:42,8,9,0,1,0.0
Bryan Allen\allenbr01,34,D,TOT,11,0,2,2,-2,6,0.2,0,0,0,0,2,0,0,6,0.0,173,15:43,15,20,0,0,
Danny Biega\biegada01,23,D,CAR,10,0,2,2,-5,0,0.1,0,0,0,0,2,0,0,7,0.0,161,16:09,7,27,0,0,
Sean Collins\collise02,26,C,CBJ,8,0,2,2,0,2,0.1,0,0,0,0,2,0,0,4,0.0,83,10:20,0,18,2,3,40.0
Seth Helgeson\helgese01,24,D,NJD,22,0,2,2,4,18,1.0,0,0,0,0,2,0,0,11,0.0,296,13:28,20,42,0,0,
Brian Lashoff\lashobr01,24,D,DET,11,0,2,2,4,6,0.7,0,0,0,0,2,0,0,7,0.0,146,13:17,14,7,0,0,
Andrew MacWilliam\macwian01,24,D,TOR,12,0,2,2,-6,12,-0.1,0,0,0,0,2,0,0,5,0.0,185,15:24,20,35,0,1,0.0
David Musil\musilda01,21,D,EDM,4,0,2,2,-2,2,0.1,0,0,0,0,2,0,0,3,0.0,79,19:48,8,5,0,0,
Ty Rattie\rattity01,21,RW,STL,11,0,2,2,0,2,0.1,0,0,0,0,2,0,0,8,0.0,100,9:06,4,15,0,0,
Bryce Salvador\salvabr01,38,D,NJD,15,0,2,2,-5,20,0.2,0,0,0,0,2,0,0,13,0.0,278,18:30,19,22,0,0,
Tim Sestito\sestiti01,30,LW,NJD,15,0,2,2,-1,33,0.0,0,0,0,0,2,0,0,10,0.0,148,9:53,3,20,43,59,42.2
Petr Straka\strakpe01,22,RW,PHI,3,0,2,2,1,0,0.2,0,0,0,0,2,0,0,2,0.0,28,9:27,1,4,0,0,
Jarred Tinordi\tinorja01,22,D,MTL,13,0,2,2,-5,19,-0.1,0,0,0,0,2,0,0,5,0.0,157,12:04,18,20,0,0,
Slava Voynov\voynovi01,25,D,LAK,6,0,2,2,0,2,0.4,0,0,0,0,0,1,1,5,0.0,139,23:11,8,11,0,0,
Casey Bailey\baileca01,23,C,TOR,6,1,0,1,1,2,0.2,1,0,0,0,0,0,0,9,11.1,54,9:02,4,3,0,0,
Alex Biega\biegaal01,26,D,VAN,7,1,0,1,-2,0,0.1,1,0,0,1,0,0,0,7,14.3,111,15:48,8,34,0,0,
Reid Boucher\bouchre01,21,LW,NJD,11,1,0,1,-4,0,-0.1,1,0,0,0,0,0,0,20,5.0,123,11:08,5,9,0,0,
Chris Brown\brownch01,23,C,WSH,5,1,0,1,1,2,0.2,1,0,0,0,0,0,0,4,25.0,32,6:28,1,6,1,2,33.3
Frank Corrado\corrafr01,21,D,VAN,10,1,0,1,-7,0,-0.3,1,0,0,0,0,0,0,8,12.5,157,15:40,12,15,0,0,
Brandon Davidson\davidbr01,23,D,EDM,12,1,0,1,-5,0,0.0,1,0,0,0,0,0,0,7,14.3,182,15:08,22,18,0,0,
Brian Dumoulin\dumoubr01,23,D,PIT,8,1,0,1,0,2,0.3,1,0,0,0,0,0,0,4,25.0,125,15:40,9,11,0,0,
Landon Ferraro\ferrala01,23,C,DET,3,1,0,1,1,0,0.2,1,0,0,1,0,0,0,4,25.0,36,11:59,3,3,0,0,
T.J. Galiardi\galiatj01,26,LW,WPG,38,1,0,1,-8,2,-0.8,1,0,0,0,0,0,0,35,2.9,398,10:28,14,39,2,9,18.2
Stanislav Galiev\galiest01,23,RW,WSH,2,1,0,1,1,0,0.2,1,0,0,0,0,0,0,2,50.0,19,9:23,0,3,0,0,
Colin Greening\greenco01,28,LW,OTT,26,1,0,1,-5,29,-0.5,1,0,0,0,0,0,0,39,2.6,255,9:49,14,85,6,2,75.0
Rocco Grimaldi\grimaro01,21,C,FLA,7,1,0,1,1,4,0.1,1,0,0,0,0,0,0,18,5.6,88,12:37,1,7,6,8,42.9
Freddie Hamilton\hamilfr01,23,C,TOT,18,1,0,1,-2,0,-0.1,1,0,0,1,0,0,0,11,9.1,136,7:35,3,22,23,37,38.3
Justin Hodgman\hodgmju01,26,C,ARI,5,1,0,1,-2,2,0.1,0,1,0,0,0,0,0,3,33.3,57,11:24,0,8,25,21,54.3
Josh Leivo\leivojo01,21,LW,TOR,9,1,0,1,-1,4,0.1,1,0,0,0,0,0,0,10,10.0,69,7:39,0,5,0,2,0.0
Bryan Lerg\lergbr01,29,C,SJS,2,1,0,1,-1,0,0.1,1,0,0,1,0,0,0,8,12.5,25,12:36,0,3,4,0,100.0
Jon Marchessault\audymjo01,24,C,TBL,2,1,0,1,1,0,0.2,1,0,0,0,0,0,0,3,33.3,24,11:57,0,4,1,2,33.3
Stefan Matteau\mattest02,20,LW,NJD,7,1,0,1,0,4,0.1,1,0,0,0,0,0,0,8,12.5,83,11:52,1,19,0,0,
Joseph Morrow\morrojo02,22,D,BOS,15,1,0,1,3,4,0.7,1,0,0,0,0,0,0,20,5.0,250,16:41,22,18,0,0,
Miikka Salomaki\salommi01,21,RW,NSH,1,1,0,1,1,0,0.3,1,0,0,0,0,0,0,4,25.0,11,10:49,1,7,0,0,
Jordan Szwarz\szwarjo01,23,RW,ARI,9,1,0,1,-2,2,0.0,1,0,0,0,0,0,0,8,12.5,121,13:28,9,5,0,0,
Christian Thomas\thomach01,22,LW,MTL,18,1,0,1,-2,7,-0.1,1,0,0,0,0,0,0,26,3.8,164,9:06,3,8,0,1,0.0
Joe Whitney\whitnjo01,26,RW,NJD,4,1,0,1,-1,0,0.1,1,0,0,0,0,0,0,1,100.0,28,6:53,0,5,0,0,
Andrew Agozzino\agozzan01,24,LW,COL,1,0,1,1,1,0,0.1,0,0,0,0,1,0,0,1,0.0,10,9:45,0,1,0,2,0.0
Josh Anderson\anderjo05,20,RW,CBJ,6,0,1,1,-1,2,-0.1,0,0,0,0,1,0,0,10,0.0,81,13:27,2,24,0,0,
Keith Aulie\aulieke01,25,D,EDM,31,0,1,1,-3,66,0.3,0,0,0,0,1,0,0,25,0.0,443,14:18,37,59,0,0,
Keith Ballard\ballake01,32,D,MIN,14,0,1,1,-3,26,0.0,0,0,0,0,1,0,0,5,0.0,169,12:03,20,15,0,0,
Sam Bennett\bennesa01,18,C,CGY,1,0,1,1,-1,0,0.0,0,0,0,0,1,0,0,1,0.0,16,16:00,0,0,2,10,16.7
Stu Bickel\bickest01,28,D,MIN,9,0,1,1,1,46,0.2,0,0,0,0,1,0,0,3,0.0,49,5:26,9,10,0,0,
Jonathon Blum\blumjo02,26,D,MIN,4,0,1,1,-3,2,-0.1,0,0,0,0,1,0,0,3,0.0,39,9:52,2,1,0,0,
T.J. Brennan\brenntj01,25,D,TOR,6,0,1,1,-7,9,-0.4,0,0,0,0,0,1,0,11,0.0,101,16:49,5,2,0,0,
Andrew Campbell\campban01,26,D,ARI,33,0,1,1,-13,10,-0.2,0,0,0,0,1,0,0,28,0.0,579,17:32,58,67,0,0,
Paul Carey\careypa01,26,C,COL,10,0,1,1,2,0,0.1,0,0,0,0,1,0,0,5,0.0,79,7:53,2,12,0,3,0.0
Mat Clark\clarkma01,24,D,ANA,7,0,1,1,2,6,0.3,0,0,0,0,1,0,0,2,0.0,89,12:46,5,10,0,0,
Andrew Copp\coppan01,20,C,WPG,1,0,1,1,2,0,0.2,0,0,0,0,1,0,0,4,0.0,13,13:16,0,0,12,6,66.7
Adam Cracknell\crackad01,29,RW,CBJ,17,0,1,1,-8,2,-0.5,0,0,0,0,1,0,0,17,0.0,169,9:57,6,43,20,38,34.5
Keaton Ellerby\ellerke01,26,D,WPG,1,0,1,1,-1,0,0.0,0,0,0,0,1,0,0,0,,17,16:58,2,2,0,0,
Brian Ferlin\ferlibr01,22,RW,BOS,7,0,1,1,0,0,0.0,0,0,0,0,1,0,0,6,0.0,62,8:48,0,20,0,1,0.0
Mike Kostka\kostkmi01,29,D,NYR,7,0,1,1,1,0,0.2,0,0,0,0,1,0,0,7,0.0,108,15:23,9,6,0,0,
Jordan Martinook\martijo01,22,C,ARI,8,0,1,1,-3,0,-0.1,0,0,0,0,1,0,0,8,0.0,94,11:42,2,14,1,0,100.0
Jayson Megna\megnaja01,24,C,PIT,12,0,1,1,-2,14,-0.2,0,0,0,0,1,0,0,13,0.0,132,11:02,8,40,0,0,
Valeri Nichushkin\nichuva01,19,RW,DAL,8,0,1,1,-5,2,-0.3,0,0,0,0,1,0,0,6,0.0,110,13:46,1,7,0,0,
Shane O'Brien\obriesh01,31,D,FLA,9,0,1,1,-4,5,-0.1,0,0,0,0,1,0,0,4,0.0,121,13:29,12,36,0,0,
Eric O'Dell\odeller01,24,C,WPG,11,0,1,1,0,19,0.0,0,0,0,0,1,0,0,6,0.0,82,7:26,0,14,18,23,43.9
Jordan Oesterle\oestejo01,22,D,EDM,6,0,1,1,-4,0,-0.1,0,0,0,0,1,0,0,7,0.0,88,14:42,3,2,0,0,
Magnus Paajarvi\paajama01,23,LW,STL,10,0,1,1,-2,6,-0.1,0,0,0,0,0,1,0,9,0.0,98,9:48,0,8,1,0,100.0
Michael Paliotta\paliomi01,21,D,CHI,1,0,1,1,0,0,0.1,0,0,0,0,1,0,0,2,0.0,13,12:45,2,0,0,0,
Emile Poirier\poiriem01,20,RW,CGY,6,0,1,1,1,0,0.1,0,0,0,0,1,0,0,2,0.0,48,7:59,1,8,0,1,0.0
Shane Prince\princsh01,22,LW,OTT,2,0,1,1,1,0,0.1,0,0,0,0,1,0,0,2,0.0,21,10:29,0,2,0,0,
Peter Regin\reginpe01,28,C,CHI,4,0,1,1,1,0,0.1,0,0,0,0,1,0,0,3,0.0,33,8:20,0,3,1,1,50.0
Griffin Reinhart\reinhgr01,21,D,NYI,8,0,1,1,1,6,0.3,0,0,0,0,1,0,0,4,0.0,113,14:10,8,14,0,0,
Sam Reinhart\reinhsa01,19,C,BUF,9,0,1,1,-1,2,-0.1,0,0,0,0,1,0,0,3,0.0,93,10:22,5,3,21,65,24.4
Colby Robak\robakco01,24,D,TOT,12,0,1,1,2,2,0.4,0,0,0,0,1,0,0,8,0.0,167,13:55,10,16,0,0,
Chad Ruhwedel\ruhwech01,24,D,BUF,4,0,1,1,3,0,0.4,0,0,0,0,1,0,0,4,0.0,50,12:28,2,6,0,0,
Jeff Schultz\schulje02,28,D,LAK,9,0,1,1,1,4,0.3,0,0,0,0,1,0,0,7,0.0,151,16:45,9,10,0,0,
Tom Sestito\sestito01,27,LW,VAN,3,0,1,1,1,7,0.1,0,0,0,0,1,0,0,1,0.0,19,6:14,0,10,0,0,
Michael Sgarbossa\sgarbmi01,22,C,COL,3,0,1,1,0,10,0.1,0,0,0,0,1,0,0,2,0.0,21,7:06,1,0,9,11,45.0
Brendan Shinnimin\shinnbr01,24,C,ARI,12,0,1,1,-1,8,-0.1,0,0,0,0,1,0,0,10,0.0,132,11:02,4,12,42,59,41.6
Mike Sislo\sislomi01,27,RW,NJD,10,0,1,1,-2,2,-0.2,0,0,0,0,1,0,0,13,0.0,122,12:13,2,12,0,0,
Ladislav Smid\smidla01,28,D,CGY,31,0,1,1,-12,13,-0.6,0,0,0,0,1,0,0,21,0.0,433,13:58,54,51,0,0,
Frdric St. Denis\stdenfr01,29,D,CBJ,4,0,1,1,-1,0,0.1,0,0,0,0,1,0,0,2,0.0,53,13:18,2,2,0,0,
Daniil Tarasov\tarasda01,23,RW,SJS,5,0,1,1,2,0,0.1,0,0,0,0,1,0,0,5,0.0,38,7:34,1,2,1,0,100.0
Trevor van Riemsdyk\vanritr01,23,D,CHI,18,0,1,1,0,2,0.4,0,0,0,0,1,0,0,21,0.0,244,13:32,15,4,0,0,
Tomas Vincour\vincoto01,24,C,COL,7,0,1,1,-1,2,0.0,0,0,0,0,1,0,0,2,0.0,50,7:10,4,5,0,0,
David Warsofsky\warsoda01,24,D,BOS,4,0,1,1,1,0,0.3,0,0,0,0,1,0,0,7,0.0,71,17:46,2,2,0,0,
Will Acton\actonwi01,27,C,EDM,3,0,0,0,-2,5,-0.1,0,0,0,0,0,0,0,2,0.0,32,10:43,3,3,4,4,50.0
Luke Adam\adamlu01,24,C,CBJ,3,0,0,0,0,4,0.0,0,0,0,0,0,0,0,0,,19,6:27,0,2,0,0,
Jason Akeson\akesoja01,24,RW,PHI,13,0,0,0,-1,8,-0.2,0,0,0,0,0,0,0,9,0.0,105,8:03,4,11,1,1,50.0
Conor Allen\allenco01,25,D,NYR,4,0,0,0,-1,4,-0.1,0,0,0,0,0,0,0,2,0.0,49,12:12,0,6,0,0,
Mark Alt\altma01,23,D,PHI,1,0,0,0,-1,0,-0.1,0,0,0,0,0,0,0,0,,9,9:25,0,1,0,0,
Mike Angelidis\angelmi01,29,LW,TBL,3,0,0,0,0,12,0.0,0,0,0,0,0,0,0,0,,22,7:21,0,5,7,12,36.8
Joel Armia\armiajo01,21,RW,BUF,1,0,0,0,0,0,0.0,0,0,0,0,0,0,0,0,,15,14:47,0,4,0,0,
Viktor Arvidsson\arvidvi01,21,LW,NSH,6,0,0,0,0,0,-0.1,0,0,0,0,0,0,0,9,0.0,62,10:15,5,3,0,0,
Carter Ashton\ashtoca01,23,RW,TOR,7,0,0,0,-3,0,-0.2,0,0,0,0,0,0,0,4,0.0,44,6:13,3,6,1,4,20.0
Kyle Baun\baunky01,22,RW,CHI,3,0,0,0,-1,0,-0.1,0,0,0,0,0,0,0,4,0.0,38,12:32,0,12,0,0,
Anthony Bitetto\bitetan01,24,D,NSH,7,0,0,0,-1,7,0.0,0,0,0,0,0,0,0,2,0.0,82,11:47,3,9,1,0,100.0
Jesse Blacker\blackje01,23,D,ANA,1,0,0,0,-2,0,-0.2,0,0,0,0,0,0,0,0,,6,6:03,1,1,0,0,
Mike Blunden\blundmi01,28,RW,TBL,2,0,0,0,-1,2,-0.1,0,0,0,0,0,0,0,0,,20,9:47,0,7,0,0,
Troy Bodie\bodietr01,30,RW,TOR,5,0,0,0,0,5,0.0,0,0,0,0,0,0,0,1,0.0,23,4:37,0,4,0,0,
Alexandre Bolduc\boldual01,29,C,ARI,3,0,0,0,-1,2,-0.1,0,0,0,0,0,0,0,3,0.0,32,10:40,1,17,10,9,52.6
Patrick Bordeleau\bordepa02,28,LW,COL,1,0,0,0,0,0,0.0,0,0,0,0,0,0,0,0,,7,6:46,0,2,0,0,
Ryan Bourque\bourqry01,24,C,NYR,1,0,0,0,-1,0,-0.1,0,0,0,0,0,0,0,1,0.0,12,11:49,0,0,0,0,
Drayson Bowman\bowmadr01,25,LW,MTL,3,0,0,0,0,0,0.0,0,0,0,0,0,0,0,0,,20,6:31,0,3,0,0,
Julien Brouillette\brouiju01,28,D,WPG,1,0,0,0,0,0,0.0,0,0,0,0,0,0,0,0,,10,9:33,1,1,0,0,
Mike Brown\brownmi02,29,RW,SJS,12,0,0,0,0,22,-0.2,0,0,0,0,0,0,0,11,0.0,98,8:12,7,42,4,3,57.1
Patrick Brown\brownpa02,22,C,CAR,7,0,0,0,-4,4,-0.2,0,0,0,0,0,0,0,4,0.0,62,8:53,2,11,0,2,0.0
Jordan Caron\caronjo01,24,RW,TOT,30,0,0,0,-2,18,-0.5,0,0,0,0,0,0,0,12,0.0,241,8:02,8,41,0,1,0.0
Taylor Chorney\chornta01,27,D,PIT,7,0,0,0,-1,0,0.0,0,0,0,0,0,0,0,4,0.0,85,12:10,3,5,0,0,
Rich Clune\cluneri01,27,LW,NSH,1,0,0,0,0,0,0.0,0,0,0,0,0,0,0,0,,6,5:30,0,3,0,0,
Chris Conner\connech01,31,RW,WSH,2,0,0,0,1,4,0.0,0,0,0,0,0,0,0,3,0.0,18,8:49,0,0,0,0,
Patrice Cormier\cormipa01,24,C,WPG,1,0,0,0,0,0,0.0,0,0,0,0,0,0,0,0,,5,4:54,0,1,3,2,60.0
Nick Cousins\cousini01,21,C,PHI,11,0,0,0,1,2,-0.1,0,0,0,0,0,0,0,6,0.0,97,8:49,5,13,23,29,44.2
Ryan Craig\craigry01,33,C,CBJ,2,0,0,0,0,0,0.0,0,0,0,0,0,0,0,2,0.0,15,7:17,0,2,0,0,
Kyle Cumiskey\cumisky01,28,D,CHI,7,0,0,0,-1,0,0.0,0,0,0,0,0,0,0,5,0.0,93,13:18,11,3,0,0,
Jerry D'Amigo\damigje01,23,RW,BUF,9,0,0,0,-4,2,-0.3,0,0,0,0,0,0,0,7,0.0,88,9:44,7,8,0,0,
Phillip Danault\danauph01,21,C,CHI,2,0,0,0,0,0,0.0,0,0,0,0,0,0,0,2,0.0,19,9:30,0,3,6,14,30.0
Brandon DeFazio\defazbr01,26,LW,VAN,2,0,0,0,0,0,0.0,0,0,0,0,0,0,0,2,0.0,12,5:57,0,0,0,0,
Gabriel Dumont\dumonga01,24,C,MTL,3,0,0,0,-1,0,-0.1,0,0,0,0,0,0,0,4,0.0,27,9:07,2,8,11,2,84.6
Stefan Elliott\elliost01,24,D,COL,5,0,0,0,-2,2,-0.1,0,0,0,0,0,0,0,10,0.0,70,13:56,5,2,0,0,
Bobby Farnham\farnhbo01,26,RW,PIT,11,0,0,0,0,24,-0.1,0,0,0,0,0,0,0,6,0.0,79,7:11,2,26,0,0,
Kevin Fiala\fialake01,18,LW,NSH,1,0,0,0,-1,0,-0.1,0,0,0,0,0,0,0,3,0.0,11,11:25,1,0,0,0,
Mark Fistric\fistrma01,28,D,ANA,9,0,0,0,-3,4,-0.2,0,0,0,0,0,0,0,1,0.0,133,14:47,21,28,0,0,
Colin Fraser\fraseco01,30,C,STL,1,0,0,0,-1,0,-0.1,0,0,0,0,0,0,0,1,0.0,5,4:42,1,1,0,0,
Matt Frattin\frattma01,27,RW,TOR,9,0,0,0,0,4,-0.1,0,0,0,0,0,0,0,6,0.0,64,7:03,4,4,1,0,100.0
Max Friberg\fribema01,22,LW,ANA,1,0,0,0,0,0,0.0,0,0,0,0,0,0,0,0,,9,8:47,0,2,0,0,
Tyler Gaudet\gaudety01,21,C,ARI,2,0,0,0,-1,0,-0.1,0,0,0,0,0,0,0,1,0.0,19,9:35,1,2,9,8,52.9
Shayne Gostisbehere\gostish01,21,D,PHI,2,0,0,0,-2,0,-0.2,0,0,0,0,0,0,0,2,0.0,25,12:34,1,0,0,0,
Petter Granberg\granbpe01,22,D,TOR,7,0,0,0,1,6,0.2,0,0,0,0,0,0,0,1,0.0,80,11:27,7,16,0,0,
Tyler Graovac\graovty01,21,C,MIN,3,0,0,0,0,0,0.0,0,0,0,0,0,0,0,4,0.0,28,9:13,2,0,6,16,27.3
Micheal Haley\haleymi01,28,C,SJS,4,0,0,0,-1,11,-0.1,0,0,0,0,0,0,0,1,0.0,30,7:31,1,6,1,1,50.0
Curtis Hamilton\hamilcu01,23,LW,EDM,1,0,0,0,0,5,0.0,0,0,0,0,0,0,0,0,,8,8:01,1,4,0,0,
Scott Harrington\harrisc01,21,D,PIT,10,0,0,0,-10,4,-0.7,0,0,0,0,0,0,0,9,0.0,158,15:48,10,12,0,0,
Ryan Hartman\hartmry01,20,RW,CHI,5,0,0,0,-1,2,-0.1,0,0,0,0,0,0,0,8,0.0,41,8:17,2,11,0,0,
Eriah Hayes\hayeser01,26,RW,SJS,4,0,0,0,-2,2,-0.2,0,0,0,0,0,0,0,10,0.0,40,9:58,4,7,1,0,100.0
Dany Heatley\heatlda01,34,LW,ANA,6,0,0,0,-3,0,-0.3,0,0,0,0,0,0,0,8,0.0,73,12:08,3,5,0,0,
Raman Hrabarenka\hrabara01,22,D,NJD,1,0,0,0,1,0,0.1,0,0,0,0,0,0,0,0,,12,11:55,6,2,0,0,
Nicklas Jensen\jenseni01,21,RW,VAN,5,0,0,0,-1,0,-0.1,0,0,0,0,0,0,0,7,0.0,48,9:33,4,7,0,0,
Blair Jones\jonesbl01,28,C,PHI,4,0,0,0,-4,2,-0.2,0,0,0,0,0,0,0,0,,28,6:55,1,7,5,5,50.0
Alexander Khokhlachev\khokhal01,21,C,BOS,3,0,0,0,-2,0,-0.1,0,0,0,0,0,0,0,1,0.0,25,8:12,0,1,9,8,52.9
Carl Klingberg\klingca01,24,LW,WPG,2,0,0,0,-1,0,-0.1,0,0,0,0,0,0,0,0,,7,3:19,0,2,0,0,
Corban Knight\knighco01,24,C,CGY,2,0,0,0,0,0,0.0,0,0,0,0,0,0,0,2,0.0,13,6:24,1,4,9,2,81.8
Slater Koekkoek\koekksl01,20,D,TBL,3,0,0,0,0,2,0.0,0,0,0,0,0,0,0,6,0.0,50,16:35,3,2,0,0,
Brett Kulak\kulakbr01,21,D,CGY,1,0,0,0,0,2,0.0,0,0,0,0,0,0,0,0,,20,19:31,0,0,0,0,
Oliver Lauridsen\lauriol01,25,D,PHI,1,0,0,0,-1,10,-0.1,0,0,0,0,0,0,0,2,0.0,10,10:26,0,2,0,0,
Oscar Lindberg\lindbos02,23,C,NYR,1,0,0,0,0,0,0.0,0,0,0,0,0,0,0,2,0.0,8,8:18,0,3,2,3,40.0
Matt Lindblad\lindbma01,24,C,BOS,2,0,0,0,0,0,0.0,0,0,0,0,0,0,0,3,0.0,16,7:46,0,2,0,5,0.0
Keegan Lowe\loweke02,21,D,CAR,2,0,0,0,-2,10,-0.1,0,0,0,0,0,0,0,0,,28,13:51,4,3,0,0,
Ryan Malone\malonry01,35,LW,NYR,6,0,0,0,-4,4,-0.3,0,0,0,0,0,0,0,6,0.0,60,10:02,2,14,1,0,100.0
Jake McCabe\mccabja01,21,D,BUF,2,0,0,0,0,0,0.0,0,0,0,0,0,0,0,2,0.0,22,11:08,1,4,0,0,
Brian McGrattan\mcgrabr01,33,RW,CGY,8,0,0,0,-2,4,-0.2,0,0,0,0,0,0,0,10,0.0,53,6:38,1,11,0,0,
Dylan McIlrath\mcilrdy01,22,D,NYR,1,0,0,0,0,9,0.0,0,0,0,0,0,0,0,0,,8,8:02,3,2,0,0,
Greg McKegg\mckeggr01,22,C,TOR,3,0,0,0,0,0,0.0,0,0,0,0,0,0,0,1,0.0,28,9:11,2,3,17,16,51.5
Travis Morin\morintr01,31,C,DAL,6,0,0,0,1,0,-0.1,0,0,0,0,0,0,0,10,0.0,73,12:06,0,3,28,32,46.7
Stefan Noesen\noesest01,21,RW,ANA,1,0,0,0,0,0,0.0,0,0,0,0,0,0,0,0,,7,6:54,1,0,0,0,
Darnell Nurse\nurseda01,19,D,EDM,2,0,0,0,-2,0,-0.1,0,0,0,0,0,0,0,2,0.0,34,17:00,0,5,0,0,
Steven Oleksy\oleksst01,28,D,WSH,1,0,0,0,-1,0,-0.1,0,0,0,0,0,0,0,1,0.0,12,12:11,0,2,0,0,
Colton Orr\orrco01,32,RW,TOR,1,0,0,0,0,0,0.0,0,0,0,0,0,0,0,0,,6,6:06,,0,,,
Greg Pateryn\patergr01,24,D,MTL,17,0,0,0,0,6,0.2,0,0,0,0,0,0,0,10,0.0,215,12:39,18,48,0,0,
Joe Piskula\piskujo01,30,D,NSH,1,0,0,0,-1,2,-0.1,0,0,0,0,0,0,0,0,,16,16:27,2,0,0,0,
Corey Potter\potteco01,31,D,CGY,6,0,0,0,-1,0,0.0,0,0,0,0,0,0,0,2,0.0,58,9:40,6,7,0,0,
John Ramage\ramagjo01,23,D,CGY,1,0,0,0,-1,0,-0.1,0,0,0,0,0,0,0,4,0.0,18,18:10,2,4,0,0,
Brendan Ranford\ranfobr01,22,LW,DAL,1,0,0,0,0,0,0.0,0,0,0,0,0,0,0,0,,9,9:19,0,2,0,0,
Dylan Reese\reesedy01,30,D,ARI,1,0,0,0,-1,0,-0.1,0,0,0,0,0,0,0,3,0.0,20,19:58,2,2,0,0,
Max Reinhart\reinhma01,22,C,CGY,4,0,0,0,-3,0,-0.2,0,0,0,0,0,0,0,3,0.0,32,8:05,3,1,6,23,20.7
Rasmus Rissanen\rissara01,23,D,CAR,6,0,0,0,-5,4,-0.3,0,0,0,0,0,0,0,3,0.0,90,14:59,7,25,0,0,
Bobby Robins\robinbo01,33,C,BOS,3,0,0,0,0,14,0.0,0,0,0,0,0,0,0,0,,23,7:35,0,6,0,0,
Henrik Samuelsson\samuehe01,20,C,ARI,3,0,0,0,-2,2,-0.1,0,0,0,0,0,0,0,4,0.0,40,13:16,0,5,2,0,100.0
Philip Samuelsson\samueph01,23,D,ARI,4,0,0,0,-3,0,-0.2,0,0,0,0,0,0,0,4,0.0,68,16:53,4,2,0,0,
Cameron Schilling\schilca01,26,D,WSH,4,0,0,0,1,4,0.1,0,0,0,0,0,0,0,2,0.0,46,11:23,2,4,0,0,
Devin Setoguchi\setogde01,28,RW,CGY,12,0,0,0,-7,4,-0.6,0,0,0,0,0,0,0,12,0.0,146,12:09,5,12,1,1,50.0
Justin Shugg\shuggju01,23,RW,CAR,3,0,0,0,0,2,0.0,0,0,0,0,0,0,0,3,0.0,17,5:42,0,3,0,0,
Duncan Siemens\siemedu01,21,D,COL,1,0,0,0,0,0,0.0,0,0,0,0,0,0,0,0,,14,14:00,0,2,0,0,
Colin Smith\smithco01,21,C,COL,1,0,0,0,0,0,0.0,0,0,0,0,0,0,0,1,0.0,6,6:06,0,1,4,6,40.0
Karl Stollery\stollka01,27,D,TOT,10,0,0,0,-1,6,0.0,0,0,0,0,0,0,0,9,0.0,147,14:44,21,23,0,0,
Ben Street\streebe01,27,C,COL,3,0,0,0,0,0,-0.1,0,0,0,0,0,0,0,4,0.0,35,11:36,0,3,17,15,53.1
Brody Sutter\suttebr05,23,C,CAR,4,0,0,0,-2,0,-0.1,0,0,0,0,0,0,0,0,,30,7:26,2,3,7,7,50.0
Eric Tangradi\tangrer01,25,LW,MTL,7,0,0,0,-3,17,-0.2,0,0,0,0,0,0,0,5,0.0,54,7:44,4,12,1,0,100.0
Kimmo Timonen\timonki01,39,D,CHI,16,0,0,0,-3,2,-0.1,0,0,0,0,0,0,0,10,0.0,192,11:59,15,15,0,0,
Dana Tyrell\tyrelda01,25,C,CBJ,3,0,0,0,-1,0,-0.1,0,0,0,0,0,0,0,1,0.0,21,6:56,3,5,0,0,
Dominik Uher\uherdo01,22,C,PIT,2,0,0,0,-1,0,-0.1,0,0,0,0,0,0,0,0,,13,6:28,1,2,0,0,
David Van Der Gulik\vandeda01,31,LW,LAK,1,0,0,0,0,0,0.0,0,0,0,0,0,0,0,1,0.0,5,5:15,0,1,0,0,
Aaron Volpatti\volpaaa01,29,LW,WSH,2,0,0,0,0,0,0.0,0,0,0,0,0,0,0,1,0.0,19,9:37,1,3,0,0,
Chris Wagner\wagnech01,23,RW,ANA,9,0,0,0,-2,2,-0.2,0,0,0,0,0,0,0,7,0.0,79,8:47,3,22,33,22,60.0
Garrett Wilson\wilsoga01,23,LW,FLA,2,0,0,0,-2,0,-0.1,0,0,0,0,0,0,0,5,0.0,18,8:51,1,5,0,0,
Ryan Wilson\wilsory01,27,D,COL,3,0,0,0,-3,0,-0.2,0,0,0,0,0,0,0,3,0.0,34,11:12,3,6,0,0,
Scott Wilson\wilsosc01,22,C,PIT,1,0,0,0,0,0,0.0,0,0,0,0,0,0,0,0,,4,4:21,,0,,,
Luke Witkowski\witkolu01,24,D,TBL,16,0,0,0,0,15,0.1,0,0,0,0,0,0,0,10,0.0,243,15:11,22,40,0,0,
David Wolf\wolfda01,25,LW,CGY,3,0,0,0,0,2,0.0,0,0,0,0,0,0,0,1,0.0,28,9:23,0,7,1,1,50.0
Brendan Woods\woodsbr01,22,LW,CAR,2,0,0,0,-1,0,-0.1,0,0,0,0,0,0,0,3,0.0,12,6:02,0,2,0,0,
Tyler Wotherspoon\wothety01,21,D,CGY,1,0,0,0,-3,0,-0.2,0,0,0,0,0,0,0,1,0.0,20,20:19,4,0,0,0,
Bogdan Yakimov\yakimbo01,20,C,EDM,1,0,0,0,-1,0,-0.1,0,0,0,0,0,0,0,1,0.0,11,11:19,0,2,3,4,42.9
Harry Zolnierczyk\zolniha01,27,LW,NYI,2,0,0,0,-1,0,-0.1,0,0,0,0,0,0,0,1,0.0,22,11:08,1,6,0,2,0.0